scaling,grid_size,processes,method,mean_iterations,mean_total_time,runs,bj_iterations,bj_total_time,iteration_reduction_pct,runtime_change_pct,quadrant
strong,512,1,AS1,201.0,3.0694000000000004,5,201.0,1.918006,0.0,60.03078196835674,right-upper: fewer iterations but slower
strong,512,2,AS1,310.0,2.4771840000000003,5,335.0,2.2805779999999998,7.462686567164178,8.620884705543963,right-upper: fewer iterations but slower
strong,512,4,AS1,288.0,0.8070798,5,299.0,0.7144162000000001,3.678929765886285,12.970534542749723,right-upper: fewer iterations but slower
strong,512,8,AS1,281.0,0.3715984,5,289.0,0.3487482,2.768166089965396,6.552062490931854,right-upper: fewer iterations but slower
strong,512,16,AS1,291.0,0.2014622,5,309.0,0.19195020000000002,5.825242718446599,4.955451987025805,right-upper: fewer iterations but slower
strong,512,32,AS1,295.0,0.1157866,5,324.0,0.1090916,8.950617283950614,6.137044465385055,right-upper: fewer iterations but slower
strong,1024,1,AS1,383.0,26.980520000000002,5,383.0,23.06232,0.0,16.989617696745185,right-upper: fewer iterations but slower
strong,1024,2,AS1,618.0,19.83418,5,628.0,17.29374,1.5923566878980888,14.689939827937737,right-upper: fewer iterations but slower
strong,1024,4,AS1,553.0,6.628677999999999,5,577.0,5.58887,4.159445407279028,18.6049773925677,right-upper: fewer iterations but slower
strong,1024,8,AS1,538.0,3.170206,5,579.0,2.810796,7.081174438687388,12.786769299515166,right-upper: fewer iterations but slower
strong,1024,16,AS1,556.0,2.580398,5,571.0,2.219878,2.626970227670755,16.240532137351703,right-upper: fewer iterations but slower
strong,1024,32,AS1,562.0,0.8067808,5,596.0,0.766943,5.7046979865771785,5.194362553670873,right-upper: fewer iterations but slower
strong,1024,64,AS1,567.0,0.6074724,5,636.0,0.583699,10.849056603773588,4.072886881766125,right-upper: fewer iterations but slower
strong,2048,1,AS1,764.0,239.8098,5,764.0,208.33859999999999,0.0,15.105794125524508,right-upper: fewer iterations but slower
strong,2048,2,AS1,1150.0,142.565,5,1215.0,130.695,5.349794238683126,9.082214315773363,right-upper: fewer iterations but slower
strong,2048,4,AS1,1069.0,54.044560000000004,5,1146.0,48.744479999999996,6.719022687609078,10.873190154044131,right-upper: fewer iterations but slower
strong,2048,8,AS1,1066.0,28.014300000000002,5,1110.0,23.69616,3.963963963963968,18.22295257965849,right-upper: fewer iterations but slower
strong,2048,16,AS1,1066.0,14.889619999999999,5,1079.0,11.55172,1.2048192771084376,28.895264081885628,right-upper: fewer iterations but slower
strong,2048,32,AS1,1072.0,8.031782,5,1102.0,5.875762,2.722323049001818,36.69345354696123,right-upper: fewer iterations but slower
strong,2048,64,AS1,1083.0,5.62683,5,1147.0,4.174404,5.579773321708803,34.79361365119429,right-upper: fewer iterations but slower
strong,2048,128,AS1,1101.0,2.358342,5,1233.0,2.267382,10.705596107055959,4.011675138992898,right-upper: fewer iterations but slower
strong,512,1,AS2,201.0,2.2427319999999997,5,201.0,1.918006,0.0,16.930395421077904,right-upper: fewer iterations but slower
strong,512,2,AS2,322.0,2.61156,5,335.0,2.2805779999999998,3.880597014925369,14.51307519409555,right-upper: fewer iterations but slower
strong,512,4,AS2,292.0,0.82897,5,299.0,0.7144162000000001,2.341137123745818,16.034602798760723,right-upper: fewer iterations but slower
strong,512,8,AS2,281.0,0.3813854,5,289.0,0.3487482,2.768166089965396,9.358385218905774,right-upper: fewer iterations but slower
strong,512,16,AS2,289.0,0.21067719999999998,5,309.0,0.19195020000000002,6.4724919093851145,9.756176341571908,right-upper: fewer iterations but slower
strong,512,32,AS2,294.0,0.13325499999999998,7,324.0,0.1090916,9.259259259259256,22.149643052260657,right-upper: fewer iterations but slower
strong,1024,1,AS2,383.0,26.98114,5,383.0,23.06232,0.0,16.992306064611018,right-upper: fewer iterations but slower
strong,1024,2,AS2,583.0,18.54724,5,628.0,17.29374,7.165605095541405,7.248287530632469,right-upper: fewer iterations but slower
strong,1024,4,AS2,578.0,6.965752,5,577.0,5.58887,-0.17331022530329143,24.636142905453173,left-upper: both worse
strong,1024,8,AS2,572.0,3.40875,5,579.0,2.810796,1.2089810017271163,21.27347555639043,right-upper: fewer iterations but slower
strong,1024,16,AS2,551.0,2.594684,5,571.0,2.219878,3.5026269702276736,16.88408101706491,right-upper: fewer iterations but slower
strong,1024,32,AS2,571.0,0.865681,5,596.0,0.766943,4.194630872483218,12.874229245198144,right-upper: fewer iterations but slower
strong,1024,64,AS2,566.0,0.7012617999999999,5,636.0,0.583699,11.006289308176099,20.140997329102838,right-upper: fewer iterations but slower
strong,2048,1,AS2,764.0,240.78119999999998,5,764.0,208.33859999999999,0.0,15.572054338466334,right-upper: fewer iterations but slower
strong,2048,2,AS2,1112.0,138.798,5,1215.0,130.695,8.477366255144037,6.199931137380932,right-upper: fewer iterations but slower
strong,2048,4,AS2,1115.0,56.61994,5,1146.0,48.744479999999996,2.705061082024429,16.156619170006547,right-upper: fewer iterations but slower
strong,2048,8,AS2,1106.0,29.23606,5,1110.0,23.69616,0.3603603603603567,23.378893457842963,right-upper: fewer iterations but slower
strong,2048,16,AS2,1036.0,14.63876,5,1079.0,11.55172,3.985171455050973,26.72363942339322,right-upper: fewer iterations but slower
strong,2048,32,AS2,1101.0,13.36954,5,1102.0,5.875762,0.09074410163338875,127.5371262484764,right-upper: fewer iterations but slower
strong,2048,64,AS2,1103.0,6.1099,5,1147.0,4.174404,3.8360941586748076,46.36580455557247,right-upper: fewer iterations but slower
strong,2048,128,AS2,1095.0,2.568028,5,1233.0,2.267382,11.192214111922139,13.259609540871375,right-upper: fewer iterations but slower
weak,256,1,AS1,102.0,0.36770420000000004,5,102.0,0.3203778,0.0,14.772059736973041,right-upper: fewer iterations but slower
weak,362,2,AS1,226.0,0.9165485999999999,5,239.0,0.7964551999999999,5.4393305439330515,15.078487779350302,right-upper: fewer iterations but slower
weak,512,4,AS1,288.0,0.8078412,5,299.0,0.7148566,3.678929765886285,13.007447927318584,right-upper: fewer iterations but slower
weak,724,8,AS1,454.0,1.2975619999999999,5,462.0,1.114312,1.7316017316017285,16.445124884233486,right-upper: fewer iterations but slower
weak,1024,16,AS1,556.0,1.6450020000000003,5,571.0,1.394858,2.626970227670755,17.933295002071926,right-upper: fewer iterations but slower
weak,1448,32,AS1,959.0,3.0817360000000003,5,1025.0,2.6005320000000003,6.4390243902438975,18.50405993850488,right-upper: fewer iterations but slower
weak,2048,64,AS1,1083.0,5.63061,5,1147.0,4.116894,5.579773321708803,36.768398700573776,right-upper: fewer iterations but slower
weak,2896,128,AS1,1900.0,10.35894,5,2135.0,7.794988000000001,11.007025761124122,32.89231490798959,right-upper: fewer iterations but slower
weak,256,1,AS2,102.0,0.36984659999999997,5,102.0,0.3203778,0.0,15.440770240634638,right-upper: fewer iterations but slower
weak,362,2,AS2,228.0,0.9114348,5,239.0,0.7964551999999999,4.602510460251041,14.43641776712614,right-upper: fewer iterations but slower
weak,512,4,AS2,292.0,0.8285627999999999,5,299.0,0.7148566,2.341137123745818,15.906155164546277,right-upper: fewer iterations but slower
weak,724,8,AS2,449.0,1.3060399999999999,5,462.0,1.114312,2.813852813852813,17.205953090337346,right-upper: fewer iterations but slower
weak,1024,16,AS2,551.0,1.6710439999999998,5,571.0,1.394858,3.5026269702276736,19.800295083800634,right-upper: fewer iterations but slower
weak,1448,32,AS2,960.0,3.2037280000000004,5,1025.0,2.6005320000000003,6.341463414634141,23.19510007952219,right-upper: fewer iterations but slower
weak,2048,64,AS2,1103.0,6.097404,5,1147.0,4.116894,3.8360941586748076,48.10689806441457,right-upper: fewer iterations but slower
weak,2896,128,AS2,1909.0,11.18242,5,2135.0,7.794988000000001,10.585480093676814,43.45653899659627,right-upper: fewer iterations but slower
