scaling,method,grid_size,processes,runs,mean_iterations,bj_iterations,mean_total_time,bj_total_time,mean_time_per_iteration_ms,bj_time_per_iteration_ms,iteration_reduction_pct,time_per_iteration_change_pct,total_runtime_change_pct,cv_pct,bj_cv_pct,quality_check
strong,AS1,512,1,5,201.0,201.0,3.0694000000000004,1.918006,15.270646766169158,9.542318407960199,0.0,60.030781968356756,60.03078196835673,4.68955192242377,0.058050349115341904,PASS
strong,AS2,512,1,5,201.0,201.0,2.2427319999999997,1.918006,11.157870646766167,9.542318407960199,0.0,16.93039542107791,16.93039542107791,0.11604847727513137,0.058050349115341904,PASS
strong,AS1,512,2,5,310.0,335.0,2.4771840000000003,2.2805779999999998,7.990916129032259,6.80769552238806,7.462686567164179,17.38063347212008,8.620884705543968,2.0187021155785896,0.5573596516080662,PASS
strong,AS2,512,2,5,322.0,335.0,2.61156,2.2805779999999998,8.110434782608696,6.80769552238806,3.8805970149253732,19.13627388205591,14.513075194095538,1.5300535208125385,0.5573596516080662,PASS
strong,AS1,512,4,5,288.0,299.0,0.8070798,0.7144162000000001,2.8023604166666667,2.389351839464883,3.678929765886288,17.285381348201977,12.970534542749723,0.11264065083782275,0.09742780373928181,PASS
strong,AS2,512,4,5,292.0,299.0,0.82897,0.7144162000000001,2.8389383561643835,2.389351839464883,2.3411371237458196,18.816254235717313,16.034602798760712,0.13615797622933837,0.09742780373928181,PASS
strong,AS1,512,8,5,281.0,289.0,0.3715984,0.3487482,1.3224142348754446,1.2067411764705882,2.7681660899653977,9.585573166830253,6.552062490931848,0.3931331652496917,0.2050238317722241,PASS
strong,AS2,512,8,5,281.0,289.0,0.3813854,0.3487482,1.3572434163701068,1.2067411764705882,2.7681660899653977,12.471791203785676,9.358385218905783,0.21004264172176954,0.2050238317722241,PASS
strong,AS1,512,16,5,291.0,309.0,0.2014622,0.19195020000000002,0.6923099656357388,0.6211980582524272,5.825242718446602,11.447541800656243,4.955451987025797,0.12317724930550802,0.5340587917967777,PASS
strong,AS2,512,16,5,289.0,309.0,0.21067719999999998,0.19195020000000002,0.7289868512110725,0.6211980582524272,6.472491909385114,17.351759479396943,9.75617634157191,0.241652521866855,0.5340587917967777,PASS
strong,AS1,512,32,5,295.0,324.0,0.1157866,0.1090916,0.3924969491525424,0.3367024691358025,8.950617283950617,16.570855616219518,6.137044465385059,0.4506372402364862,0.8311098185049643,PASS
strong,AS2,512,32,7,294.0,324.0,0.13325499999999998,0.1090916,0.4532482993197279,0.3367024691358025,9.25925925925926,34.61389234330767,22.149643052260657,13.247963920110948,0.8311098185049643,PASS
strong,AS1,1024,1,5,383.0,383.0,26.980520000000002,23.06232,70.44522193211489,60.214934725848565,0.0,16.989617696745178,16.989617696745178,2.328064361788629,3.3610950970989193,PASS
strong,AS2,1024,1,5,383.0,383.0,26.98114,23.06232,70.4468407310705,60.214934725848565,0.0,16.992306064611014,16.992306064611018,2.996774706019498,3.3610950970989193,PASS
strong,AS1,1024,2,5,618.0,628.0,19.83418,17.29374,32.09414239482201,27.5378025477707,1.5923566878980893,16.54576409699823,14.689939827937742,0.5976403872056835,0.8711154541721272,PASS
strong,AS2,1024,2,5,583.0,628.0,18.54724,17.29374,31.813447684391075,27.5378025477707,7.165605095541402,15.526457237113524,7.2482875306324654,2.4387897399599825,0.8711154541721272,PASS
strong,AS1,1024,4,5,553.0,577.0,6.628677999999999,5.58887,11.986759493670885,9.686083188908146,4.15944540727903,23.752390516295783,18.60497739256771,0.15827708944911004,0.15373014663932902,PASS
strong,AS2,1024,4,5,578.0,577.0,6.965752,5.58887,12.051474048442907,9.686083188908146,-0.1733102253032929,24.420509440218815,24.636142905453163,0.16366415952238228,0.15373014663932902,PASS
strong,AS1,1024,8,5,538.0,579.0,3.170206,2.810796,5.892576208178438,4.854569948186528,7.081174438687392,21.382043539812777,12.786769299515157,0.12064680590346796,0.09130801481113508,PASS
strong,AS2,1024,8,5,572.0,579.0,3.40875,2.810796,5.959353146853147,4.854569948186528,1.2089810017271156,22.757591515996612,21.273475556390437,0.10440105185845949,0.09130801481113508,PASS
strong,AS1,1024,16,5,556.0,571.0,2.580398,2.219878,4.641003597122302,3.887702276707531,2.626970227670753,19.37651771659678,16.240532137351703,6.089949634739513,9.585994252744442,PASS
strong,AS2,1024,16,5,551.0,571.0,2.594684,2.219878,4.709045372050817,3.887702276707531,3.502626970227671,21.12669738792026,16.8840810170649,5.164598409687846,9.585994252744442,PASS
strong,AS1,1024,32,5,562.0,596.0,0.8067808,0.766943,1.435553024911032,1.28681711409396,5.704697986577181,11.558434309586882,5.194362553670862,0.33280000186942227,0.2915893786107911,PASS
strong,AS2,1024,32,5,571.0,596.0,0.865681,0.766943,1.5160788091068302,1.28681711409396,4.194630872483222,17.816183240171785,12.874229245198142,1.676102431473727,0.2915893786107911,PASS
strong,AS1,1024,64,5,567.0,636.0,0.6074724,0.583699,1.0713798941798942,0.9177657232704401,10.849056603773585,16.737841370023382,4.0728868817661255,0.8478340388285031,0.943739092718178,PASS
strong,AS2,1024,64,5,566.0,636.0,0.7012617999999999,0.583699,1.2389784452296817,0.9177657232704401,11.0062893081761,34.999424560617314,20.140997329102838,9.367386148358444,0.943739092718178,PASS
strong,AS1,2048,1,5,764.0,764.0,239.8098,208.33859999999999,313.8871727748691,272.694502617801,0.0,15.105794125524525,15.105794125524511,1.2468153168426421,1.2508814210264396,PASS
strong,AS2,2048,1,5,764.0,764.0,240.78119999999998,208.33859999999999,315.15863874345547,272.694502617801,0.0,15.572054338466337,15.572054338466323,1.1937746852683182,1.2508814210264396,PASS
strong,AS1,2048,2,5,1150.0,1215.0,142.565,130.695,123.9695652173913,107.5679012345679,5.349794238683128,15.24773077709969,9.082214315773369,1.3035641398063704,0.8051303995594998,PASS
strong,AS2,2048,2,5,1112.0,1215.0,138.798,130.695,124.81834532374101,107.5679012345679,8.477366255144032,16.036795262516037,6.199931137380932,2.7707618395928773,0.8051303995594998,PASS
strong,AS1,2048,4,5,1069.0,1146.0,54.044560000000004,48.744479999999996,50.556183348924236,42.5344502617801,6.719022687609075,18.859378780668454,10.873190154044128,0.23155050775085587,0.09309359800247412,PASS
strong,AS2,2048,4,5,1115.0,1146.0,56.61994,48.744479999999996,50.78021524663677,42.5344502617801,2.7050610820244327,19.386085711952912,16.156619170006543,0.16912299649967563,0.09309359800247412,PASS
strong,AS1,2048,8,5,1066.0,1110.0,28.014300000000002,23.69616,26.279831144465295,21.34789189189189,3.963963963963964,23.102699215216635,18.22295257965849,0.07689952719796145,0.2600689647487478,PASS
strong,AS2,2048,8,5,1106.0,1110.0,29.23606,23.69616,26.43405063291139,21.34789189189189,0.36036036036036034,23.82511007071038,23.378893457842956,0.1081694461754333,0.2600689647487478,PASS
strong,AS1,2048,16,5,1066.0,1079.0,14.889619999999999,11.55172,13.967748592870542,10.705949953660797,1.2048192771084338,30.467157546298864,28.89526408188564,0.23399635570209287,0.07531196726113679,PASS
strong,AS2,2048,16,5,1036.0,1079.0,14.63876,11.55172,14.13007722007722,10.705949953660797,3.985171455050973,31.98340438015569,26.723639423393227,0.20420120385213553,0.07531196726113679,PASS
strong,AS1,2048,32,5,1072.0,1102.0,8.031782,5.875762,7.492333955223881,5.331907441016334,2.722323049001815,40.51883004547694,36.69345354696122,0.1497385421112807,0.18264670468984232,PASS
strong,AS2,2048,32,5,1101.0,1102.0,13.36954,5.875762,12.143088101725704,5.331907441016334,0.09074410163339383,127.74379030501451,127.53712624847638,9.119730032453395,0.18264670468984232,PASS
strong,AS1,2048,64,5,1083.0,1147.0,5.62683,4.174404,5.195595567867036,3.639410636442895,5.579773321708806,42.75925656317619,34.79361365119428,0.25805271655556455,6.803738249477099,PASS
strong,AS2,2048,64,5,1103.0,1147.0,6.1099,4.174404,5.539347234814143,3.639410636442895,3.8360941586748036,52.20451298752637,46.365804555572474,0.749488419020992,6.803738249477099,PASS
strong,AS1,2048,128,5,1101.0,1233.0,2.358342,2.267382,2.142,1.8389148418491486,10.70559610705596,16.481739733313564,4.011675138992897,0.6506839707033776,2.682079385333078,PASS
strong,AS2,2048,128,5,1095.0,1233.0,2.568028,2.267382,2.3452310502283105,1.8389148418491486,11.19221411192214,27.533423346022264,13.259609540871365,1.0432419004234625,2.682079385333078,PASS
weak,AS1,256,1,5,102.0,102.0,0.36770420000000004,0.3203778,3.604943137254902,3.1409588235294117,0.0,14.772059736973043,14.77205973697305,0.858639672671646,1.5554509069430407,PASS
weak,AS2,256,1,5,102.0,102.0,0.36984659999999997,0.3203778,3.625947058823529,3.1409588235294117,0.0,15.440770240634647,15.440770240634647,1.952997070669133,1.5554509069430407,PASS
weak,AS1,362,2,5,226.0,239.0,0.9165485999999999,0.7964551999999999,4.055524778761062,3.332448535564853,5.439330543933054,21.698046810905865,15.078487779350304,1.654258038373734,1.2723952961719087,PASS
weak,AS2,362,2,5,228.0,239.0,0.9114348,0.7964551999999999,3.997521052631579,3.332448535564853,4.602510460251046,19.95747301027697,14.436417767126144,1.9989402046915448,1.2723952961719087,PASS
weak,AS1,512,4,5,288.0,299.0,0.8078412,0.7148566,2.805004166666667,2.3908247491638797,3.678929765886288,17.323704618986998,13.007447927318584,0.493070627449246,0.05912668785203979,PASS
weak,AS2,512,4,5,292.0,299.0,0.8285627999999999,0.7148566,2.837543835616438,2.3908247491638797,2.3411371237458196,18.68472737739498,15.906155164546288,0.09232643361005022,0.05912668785203979,PASS
weak,AS1,724,8,5,454.0,462.0,1.2975619999999999,1.114312,2.858066079295154,2.411930735930736,1.7316017316017316,18.497021357964485,16.445124884233493,0.21746343357461453,0.13909262438848774,PASS
weak,AS2,724,8,5,449.0,462.0,1.3060399999999999,1.114312,2.9087750556792873,2.411930735930736,2.813852813852814,20.599443937050914,17.205953090337346,0.15211002179900834,0.13909262438848774,PASS
weak,AS1,1024,16,5,556.0,571.0,1.6450020000000003,1.394858,2.9586366906474826,2.4428336252189142,2.626970227670753,21.11494864421414,17.933295002071922,0.15367986104010845,0.3032954002943271,PASS
weak,AS2,1024,16,5,551.0,571.0,1.6710439999999998,1.394858,3.0327477313974587,2.4428336252189142,3.502626970227671,24.14876314491861,19.800295083800634,0.13231938257105802,0.3032954002943271,PASS
weak,AS1,1448,32,5,959.0,1025.0,3.0817360000000003,2.6005320000000003,3.213489051094891,2.5371043902439028,6.439024390243903,26.65970952759908,18.504059938504888,0.12820297124107544,0.11206767870939538,PASS
weak,AS2,1448,32,5,960.0,1025.0,3.2037280000000004,2.6005320000000003,3.3372166666666674,2.5371043902439028,6.341463414634147,31.536434980739852,23.19510007952219,0.10371324204627386,0.11206767870939538,PASS
weak,AS1,2048,64,5,1083.0,1147.0,5.63061,4.116894,5.199085872576177,3.589271142109852,5.579773321708806,44.850741744744326,36.768398700573776,0.3484027775906993,1.527684446307502,PASS
weak,AS2,2048,64,5,1103.0,1147.0,6.097404,4.116894,5.528018132366274,3.589271142109852,3.8360941586748036,54.01506081585087,48.10689806441457,0.9218184263991541,1.527684446307502,PASS
weak,AS1,2896,128,5,1900.0,2135.0,10.35894,7.794988000000001,5.452073684210527,3.6510482435597194,11.007025761124122,49.32899596239883,32.89231490798958,0.5492562604400291,1.347241468635012,PASS
weak,AS2,2896,128,5,1909.0,2135.0,11.18242,7.794988000000001,5.85773703509691,3.6510482435597194,10.585480093676814,60.4398694383096,43.456538996596265,0.26640523423021184,1.347241468635012,PASS
