scaling,n,unknowns,processes,method,overlap,iterations,relative_residual,runtime,run_id,job_id
strong,512,262144,1,AS,1,201,9.4415e-09,2.76946,1,211483
strong,512,262144,1,AS,1,201,9.4415e-09,2.99524,2,211483
strong,512,262144,1,AS,1,201,9.4415e-09,2.82957,3,211483
strong,512,262144,1,AS,1,201,9.4415e-09,2.63944,4,211483
strong,512,262144,1,AS,1,201,9.4415e-09,2.96662,5,211483
strong,512,262144,1,AS,2,201,9.4415e-09,2.97185,1,211483
strong,512,262144,1,AS,2,201,9.4415e-09,2.76777,2,211483
strong,512,262144,1,AS,2,201,9.4415e-09,2.78219,3,211483
strong,512,262144,1,AS,2,201,9.4415e-09,2.95738,4,211483
strong,512,262144,1,AS,2,201,9.4415e-09,2.73036,5,211483
strong,512,262144,1,BJ,0,201,9.4415e-09,2.30897,1,211483
strong,512,262144,1,BJ,0,201,9.4415e-09,2.57429,2,211483
strong,512,262144,1,BJ,0,201,9.4415e-09,2.42256,3,211483
strong,512,262144,1,BJ,0,201,9.4415e-09,2.42139,4,211483
strong,512,262144,1,BJ,0,201,9.4415e-09,2.41884,5,211483
strong,512,262144,2,AS,1,310,8.5658e-09,2.40109,1,211484
strong,512,262144,2,AS,1,310,8.5658e-09,2.43802,2,211484
strong,512,262144,2,AS,1,310,8.5658e-09,2.53498,3,211484
strong,512,262144,2,AS,1,310,8.5658e-09,2.50801,4,211484
strong,512,262144,2,AS,1,310,8.5658e-09,2.47026,5,211484
strong,512,262144,2,AS,2,322,7.74869e-09,2.52601,1,211484
strong,512,262144,2,AS,2,322,7.74869e-09,2.50056,2,211484
strong,512,262144,2,AS,2,322,7.74869e-09,2.65064,3,211484
strong,512,262144,2,AS,2,322,7.74869e-09,2.52004,4,211484
strong,512,262144,2,AS,2,322,7.74869e-09,2.61114,5,211484
strong,512,262144,2,BJ,0,335,7.05933e-09,2.24523,1,211484
strong,512,262144,2,BJ,0,335,7.05933e-09,2.23046,2,211484
strong,512,262144,2,BJ,0,335,7.05933e-09,2.34622,3,211484
strong,512,262144,2,BJ,0,335,7.05933e-09,2.24568,4,211484
strong,512,262144,2,BJ,0,335,7.05933e-09,2.31016,5,211484
strong,512,262144,4,AS,1,288,8.47553e-09,1.20041,1,211478
strong,512,262144,4,AS,1,288,8.47553e-09,1.17053,2,211478
strong,512,262144,4,AS,1,288,8.47553e-09,1.2728,3,211478
strong,512,262144,4,AS,1,288,8.47553e-09,1.36216,4,211478
strong,512,262144,4,AS,1,288,8.47553e-09,1.05942,5,211478
strong,512,262144,4,AS,2,292,8.75927e-09,0.831752,1,211478
strong,512,262144,4,AS,2,292,8.75927e-09,1.25714,2,211478
strong,512,262144,4,AS,2,292,8.75927e-09,1.38795,3,211478
strong,512,262144,4,AS,2,292,8.75927e-09,1.33953,4,211478
strong,512,262144,4,AS,2,292,8.75927e-09,0.95063,5,211478
strong,512,262144,4,BJ,0,299,9.16747e-09,1.07681,1,211478
strong,512,262144,4,BJ,0,299,9.16747e-09,1.00232,2,211478
strong,512,262144,4,BJ,0,299,9.16747e-09,1.27886,3,211478
strong,512,262144,4,BJ,0,299,9.16747e-09,1.10265,4,211478
strong,512,262144,4,BJ,0,299,9.16747e-09,1.02795,5,211478
strong,512,262144,8,AS,1,281,9.59095e-09,0.370073,1,211485
strong,512,262144,8,AS,1,281,9.59095e-09,0.368934,2,211485
strong,512,262144,8,AS,1,281,9.59095e-09,0.369722,3,211485
strong,512,262144,8,AS,1,281,9.59095e-09,0.371185,4,211485
strong,512,262144,8,AS,1,281,9.59095e-09,0.369977,5,211485
strong,512,262144,8,AS,2,281,9.7634e-09,0.381799,1,211485
strong,512,262144,8,AS,2,281,9.7634e-09,0.381385,2,211485
strong,512,262144,8,AS,2,281,9.7634e-09,0.381871,3,211485
strong,512,262144,8,AS,2,281,9.7634e-09,0.380041,4,211485
strong,512,262144,8,AS,2,281,9.7634e-09,0.381391,5,211485
strong,512,262144,8,BJ,0,289,9.81919e-09,0.349969,1,211485
strong,512,262144,8,BJ,0,289,9.81919e-09,0.35054,2,211485
strong,512,262144,8,BJ,0,289,9.81919e-09,0.349186,3,211485
strong,512,262144,8,BJ,0,289,9.81919e-09,0.350115,4,211485
strong,512,262144,8,BJ,0,289,9.81919e-09,0.348858,5,211485
strong,512,262144,16,AS,1,291,8.90873e-09,0.201597,1,211486
strong,512,262144,16,AS,1,291,8.90873e-09,0.201555,2,211486
strong,512,262144,16,AS,1,291,8.90873e-09,0.201695,3,211486
strong,512,262144,16,AS,1,291,8.90873e-09,0.201214,4,211486
strong,512,262144,16,AS,1,291,8.90873e-09,0.201331,5,211486
strong,512,262144,16,AS,2,289,8.49987e-09,0.209221,1,211486
strong,512,262144,16,AS,2,289,8.49987e-09,0.209904,2,211486
strong,512,262144,16,AS,2,289,8.49987e-09,0.210705,3,211486
strong,512,262144,16,AS,2,289,8.49987e-09,0.210597,4,211486
strong,512,262144,16,AS,2,289,8.49987e-09,0.209449,5,211486
strong,512,262144,16,BJ,0,309,9.99903e-09,0.190544,1,211486
strong,512,262144,16,BJ,0,309,9.99903e-09,0.191826,2,211486
strong,512,262144,16,BJ,0,309,9.99903e-09,0.190409,3,211486
strong,512,262144,16,BJ,0,309,9.99903e-09,0.190427,4,211486
strong,512,262144,16,BJ,0,309,9.99903e-09,0.190449,5,211486
strong,512,262144,32,AS,1,295,7.55314e-09,0.123432,1,211487
strong,512,262144,32,AS,1,295,7.55314e-09,0.12334,2,211487
strong,512,262144,32,AS,1,295,7.55314e-09,0.123949,3,211487
strong,512,262144,32,AS,1,295,7.55314e-09,0.123808,4,211487
strong,512,262144,32,AS,1,295,7.55314e-09,0.122915,5,211487
strong,512,262144,32,AS,2,294,8.03923e-09,0.134739,1,211487
strong,512,262144,32,AS,2,294,8.03923e-09,0.134168,2,211487
strong,512,262144,32,AS,2,294,8.03923e-09,0.135191,3,211487
strong,512,262144,32,AS,2,294,8.03923e-09,0.13407,4,211487
strong,512,262144,32,AS,2,294,8.03923e-09,0.134541,5,211487
strong,512,262144,32,BJ,0,324,9.77187e-09,0.11557,1,211487
strong,512,262144,32,BJ,0,324,9.77187e-09,0.114993,2,211487
strong,512,262144,32,BJ,0,324,9.77187e-09,0.115145,3,211487
strong,512,262144,32,BJ,0,324,9.77187e-09,0.115326,4,211487
strong,512,262144,32,BJ,0,324,9.77187e-09,0.115969,5,211487
strong,1024,1048576,1,AS,1,383,9.32925e-09,22.0883,1,211483
strong,1024,1048576,1,AS,1,383,9.32925e-09,22.4293,2,211483
strong,1024,1048576,1,AS,1,383,9.32925e-09,22.1512,3,211483
strong,1024,1048576,1,AS,1,383,9.32925e-09,22.4578,4,211483
strong,1024,1048576,1,AS,1,383,9.32925e-09,21.31,5,211483
strong,1024,1048576,1,AS,2,383,9.32925e-09,21.903,1,211483
strong,1024,1048576,1,AS,2,383,9.32925e-09,22.6423,2,211483
strong,1024,1048576,1,AS,2,383,9.32925e-09,22.5358,3,211483
strong,1024,1048576,1,AS,2,383,9.32925e-09,21.8645,4,211483
strong,1024,1048576,1,AS,2,383,9.32925e-09,21.7683,5,211483
strong,1024,1048576,1,BJ,0,383,9.32925e-09,19.7354,1,211483
strong,1024,1048576,1,BJ,0,383,9.32925e-09,18.5383,2,211483
strong,1024,1048576,1,BJ,0,383,9.32925e-09,19.1575,3,211483
strong,1024,1048576,1,BJ,0,383,9.32925e-09,18.9153,4,211483
strong,1024,1048576,1,BJ,0,383,9.32925e-09,18.9374,5,211483
strong,1024,1048576,2,AS,1,618,7.69727e-09,19.6242,1,211484
strong,1024,1048576,2,AS,1,618,7.69727e-09,19.8004,2,211484
strong,1024,1048576,2,AS,1,618,7.69727e-09,19.834,3,211484
strong,1024,1048576,2,AS,1,618,7.69727e-09,19.6857,4,211484
strong,1024,1048576,2,AS,1,618,7.69727e-09,19.6606,5,211484
strong,1024,1048576,2,AS,2,583,9.14869e-09,18.4474,1,211484
strong,1024,1048576,2,AS,2,583,9.14869e-09,18.4587,2,211484
strong,1024,1048576,2,AS,2,583,9.14869e-09,18.728,3,211484
strong,1024,1048576,2,AS,2,583,9.14869e-09,18.6747,4,211484
strong,1024,1048576,2,AS,2,583,9.14869e-09,18.2054,5,211484
strong,1024,1048576,2,BJ,0,628,8.39677e-09,17.0314,1,211484
strong,1024,1048576,2,BJ,0,628,8.39677e-09,17.1248,2,211484
strong,1024,1048576,2,BJ,0,628,8.39677e-09,17.0738,3,211484
strong,1024,1048576,2,BJ,0,628,8.39677e-09,17.2918,4,211484
strong,1024,1048576,2,BJ,0,628,8.39677e-09,17.0885,5,211484
strong,1024,1048576,4,AS,1,553,9.99784e-09,9.84192,1,211478
strong,1024,1048576,4,AS,1,553,9.99784e-09,9.24783,2,211478
strong,1024,1048576,4,AS,1,553,9.99784e-09,8.53654,3,211478
strong,1024,1048576,4,AS,1,553,9.99784e-09,9.60771,4,211478
strong,1024,1048576,4,AS,1,553,9.99784e-09,10.1488,5,211478
strong,1024,1048576,4,AS,2,578,9.9035e-09,10.1055,1,211478
strong,1024,1048576,4,AS,2,578,9.9035e-09,10.5768,2,211478
strong,1024,1048576,4,AS,2,578,9.9035e-09,9.8666,3,211478
strong,1024,1048576,4,AS,2,578,9.9035e-09,7.79979,4,211478
strong,1024,1048576,4,AS,2,578,9.9035e-09,9.6399,5,211478
strong,1024,1048576,4,BJ,0,577,9.65072e-09,7.9914,1,211478
strong,1024,1048576,4,BJ,0,577,9.65072e-09,8.36989,2,211478
strong,1024,1048576,4,BJ,0,577,9.65072e-09,8.65101,3,211478
strong,1024,1048576,4,BJ,0,577,9.65072e-09,8.56175,4,211478
strong,1024,1048576,4,BJ,0,577,9.65072e-09,8.49232,5,211478
strong,1024,1048576,8,AS,1,538,9.82574e-09,3.11098,1,211485
strong,1024,1048576,8,AS,1,538,9.82574e-09,3.11344,2,211485
strong,1024,1048576,8,AS,1,538,9.82574e-09,3.11013,3,211485
strong,1024,1048576,8,AS,1,538,9.82574e-09,3.11031,4,211485
strong,1024,1048576,8,AS,1,538,9.82574e-09,3.1098,5,211485
strong,1024,1048576,8,AS,2,572,9.5219e-09,3.35439,1,211485
strong,1024,1048576,8,AS,2,572,9.5219e-09,3.3576,2,211485
strong,1024,1048576,8,AS,2,572,9.5219e-09,3.35207,3,211485
strong,1024,1048576,8,AS,2,572,9.5219e-09,3.34961,4,211485
strong,1024,1048576,8,AS,2,572,9.5219e-09,3.35082,5,211485
strong,1024,1048576,8,BJ,0,579,8.96287e-09,2.81778,1,211485
strong,1024,1048576,8,BJ,0,579,8.96287e-09,2.8163,2,211485
strong,1024,1048576,8,BJ,0,579,8.96287e-09,2.82533,3,211485
strong,1024,1048576,8,BJ,0,579,8.96287e-09,2.82023,4,211485
strong,1024,1048576,8,BJ,0,579,8.96287e-09,2.81523,5,211485
strong,1024,1048576,16,AS,1,556,9.88594e-09,1.6429,1,211486
strong,1024,1048576,16,AS,1,556,9.88594e-09,1.6475,2,211486
strong,1024,1048576,16,AS,1,556,9.88594e-09,1.64598,3,211486
strong,1024,1048576,16,AS,1,556,9.88594e-09,1.64671,4,211486
strong,1024,1048576,16,AS,1,556,9.88594e-09,1.64723,5,211486
strong,1024,1048576,16,AS,2,551,9.87306e-09,1.68001,1,211486
strong,1024,1048576,16,AS,2,551,9.87306e-09,1.6683,2,211486
strong,1024,1048576,16,AS,2,551,9.87306e-09,1.67012,3,211486
strong,1024,1048576,16,AS,2,551,9.87306e-09,1.67328,4,211486
strong,1024,1048576,16,AS,2,551,9.87306e-09,1.66839,5,211486
strong,1024,1048576,16,BJ,0,571,9.18973e-09,1.38895,1,211486
strong,1024,1048576,16,BJ,0,571,9.18973e-09,1.38604,2,211486
strong,1024,1048576,16,BJ,0,571,9.18973e-09,1.38987,3,211486
strong,1024,1048576,16,BJ,0,571,9.18973e-09,1.38672,4,211486
strong,1024,1048576,16,BJ,0,571,9.18973e-09,1.3886,5,211486
strong,1024,1048576,32,AS,1,562,8.79959e-09,0.858786,1,211487
strong,1024,1048576,32,AS,1,562,8.79959e-09,0.864211,2,211487
strong,1024,1048576,32,AS,1,562,8.79959e-09,0.856617,3,211487
strong,1024,1048576,32,AS,1,562,8.79959e-09,0.867372,4,211487
strong,1024,1048576,32,AS,1,562,8.79959e-09,0.860985,5,211487
strong,1024,1048576,32,AS,2,571,9.77984e-09,0.915276,1,211487
strong,1024,1048576,32,AS,2,571,9.77984e-09,0.91421,2,211487
strong,1024,1048576,32,AS,2,571,9.77984e-09,0.920806,3,211487
strong,1024,1048576,32,AS,2,571,9.77984e-09,0.917656,4,211487
strong,1024,1048576,32,AS,2,571,9.77984e-09,0.916689,5,211487
strong,1024,1048576,32,BJ,0,596,8.20908e-09,0.821804,1,211487
strong,1024,1048576,32,BJ,0,596,8.20908e-09,0.820229,2,211487
strong,1024,1048576,32,BJ,0,596,8.20908e-09,0.820557,3,211487
strong,1024,1048576,32,BJ,0,596,8.20908e-09,0.820764,4,211487
strong,1024,1048576,32,BJ,0,596,8.20908e-09,0.821143,5,211487
strong,1024,1048576,64,AS,1,567,8.98817e-09,0.617359,1,211488
strong,1024,1048576,64,AS,1,567,8.98817e-09,0.66057,2,211488
strong,1024,1048576,64,AS,1,567,8.98817e-09,0.643006,3,211488
strong,1024,1048576,64,AS,1,567,8.98817e-09,0.640158,4,211488
strong,1024,1048576,64,AS,1,567,8.98817e-09,0.623588,5,211488
strong,1024,1048576,64,AS,2,566,8.47533e-09,0.666333,1,211488
strong,1024,1048576,64,AS,2,566,8.47533e-09,0.685129,2,211488
strong,1024,1048576,64,AS,2,566,8.47533e-09,0.693641,3,211488
strong,1024,1048576,64,AS,2,566,8.47533e-09,0.703792,4,211488
strong,1024,1048576,64,AS,2,566,8.47533e-09,0.696955,5,211488
strong,1024,1048576,64,BJ,0,636,9.97962e-09,0.643911,1,211488
strong,1024,1048576,64,BJ,0,636,9.97962e-09,0.642083,2,211488
strong,1024,1048576,64,BJ,0,636,9.97962e-09,0.638079,3,211488
strong,1024,1048576,64,BJ,0,636,9.97962e-09,0.637074,4,211488
strong,1024,1048576,64,BJ,0,636,9.97962e-09,0.615947,5,211488
strong,2048,4194304,1,AS,1,764,9.63899e-09,187.604,1,211483
strong,2048,4194304,1,AS,1,764,9.63899e-09,187.564,2,211483
strong,2048,4194304,1,AS,1,764,9.63899e-09,187.879,3,211483
strong,2048,4194304,1,AS,1,764,9.63899e-09,188.404,4,211483
strong,2048,4194304,1,AS,1,764,9.63899e-09,188.293,5,211483
strong,2048,4194304,1,AS,2,764,9.63899e-09,187.987,1,211483
strong,2048,4194304,1,AS,2,764,9.63899e-09,188.961,2,211483
strong,2048,4194304,1,AS,2,764,9.63899e-09,189.363,3,211483
strong,2048,4194304,1,AS,2,764,9.63899e-09,188.832,4,211483
strong,2048,4194304,1,AS,2,764,9.63899e-09,188.712,5,211483
strong,2048,4194304,1,BJ,0,764,9.63899e-09,165.893,1,211483
strong,2048,4194304,1,BJ,0,764,9.63899e-09,165.445,2,211483
strong,2048,4194304,1,BJ,0,764,9.63899e-09,162.867,3,211483
strong,2048,4194304,1,BJ,0,764,9.63899e-09,163.741,4,211483
strong,2048,4194304,1,BJ,0,764,9.63899e-09,165.308,5,211483
strong,2048,4194304,2,AS,1,1150,9.92848e-09,152.631,1,211484
strong,2048,4194304,2,AS,1,1150,9.92848e-09,153.314,2,211484
strong,2048,4194304,2,AS,1,1150,9.92848e-09,152.996,3,211484
strong,2048,4194304,2,AS,1,1150,9.92848e-09,153.254,4,211484
strong,2048,4194304,2,AS,1,1150,9.92848e-09,153.692,5,211484
strong,2048,4194304,2,AS,2,1112,9.81766e-09,147.876,1,211484
strong,2048,4194304,2,AS,2,1112,9.81766e-09,146.539,2,211484
strong,2048,4194304,2,AS,2,1112,9.81766e-09,148.416,3,211484
strong,2048,4194304,2,AS,2,1112,9.81766e-09,148.5,4,211484
strong,2048,4194304,2,AS,2,1112,9.81766e-09,148.037,5,211484
strong,2048,4194304,2,BJ,0,1215,9.36541e-09,139.916,1,211484
strong,2048,4194304,2,BJ,0,1215,9.36541e-09,139.514,2,211484
strong,2048,4194304,2,BJ,0,1215,9.36541e-09,139.593,3,211484
strong,2048,4194304,2,BJ,0,1215,9.36541e-09,139.713,4,211484
strong,2048,4194304,2,BJ,0,1215,9.36541e-09,139.849,5,211484
strong,2048,4194304,4,AS,1,1069,8.42689e-09,72.8373,1,211478
strong,2048,4194304,4,AS,1,1069,8.42689e-09,71.951,2,211478
strong,2048,4194304,4,AS,1,1069,8.42689e-09,71.3769,3,211478
strong,2048,4194304,4,AS,1,1069,8.42689e-09,72.4181,4,211478
strong,2048,4194304,4,AS,1,1069,8.42689e-09,72.9504,5,211478
strong,2048,4194304,4,AS,2,1115,9.20774e-09,75.6482,1,211478
strong,2048,4194304,4,AS,2,1115,9.20774e-09,76.4182,2,211478
strong,2048,4194304,4,AS,2,1115,9.20774e-09,75.8299,3,211478
strong,2048,4194304,4,AS,2,1115,9.20774e-09,76.2648,4,211478
strong,2048,4194304,4,AS,2,1115,9.20774e-09,76.7774,5,211478
strong,2048,4194304,4,BJ,0,1146,9.85032e-09,67.3291,1,211478
strong,2048,4194304,4,BJ,0,1146,9.85032e-09,67.3649,2,211478
strong,2048,4194304,4,BJ,0,1146,9.85032e-09,67.5276,3,211478
strong,2048,4194304,4,BJ,0,1146,9.85032e-09,66.715,4,211478
strong,2048,4194304,4,BJ,0,1146,9.85032e-09,69.3171,5,211478
strong,2048,4194304,8,AS,1,1066,9.93073e-09,27.8962,1,211485
strong,2048,4194304,8,AS,1,1066,9.93073e-09,27.9512,2,211485
strong,2048,4194304,8,AS,1,1066,9.93073e-09,27.9808,3,211485
strong,2048,4194304,8,AS,1,1066,9.93073e-09,28.0194,4,211485
strong,2048,4194304,8,AS,1,1066,9.93073e-09,27.8525,5,211485
strong,2048,4194304,8,AS,2,1106,9.51073e-09,29.1907,1,211485
strong,2048,4194304,8,AS,2,1106,9.51073e-09,29.1386,2,211485
strong,2048,4194304,8,AS,2,1106,9.51073e-09,29.1159,3,211485
strong,2048,4194304,8,AS,2,1106,9.51073e-09,29.1538,4,211485
strong,2048,4194304,8,AS,2,1106,9.51073e-09,29.293,5,211485
strong,2048,4194304,8,BJ,0,1110,8.89002e-09,23.8253,1,211485
strong,2048,4194304,8,BJ,0,1110,8.89002e-09,23.7413,2,211485
strong,2048,4194304,8,BJ,0,1110,8.89002e-09,23.7896,3,211485
strong,2048,4194304,8,BJ,0,1110,8.89002e-09,23.7546,4,211485
strong,2048,4194304,8,BJ,0,1110,8.89002e-09,23.7867,5,211485
strong,2048,4194304,16,AS,1,1066,9.85554e-09,14.9367,1,211486
strong,2048,4194304,16,AS,1,1066,9.85554e-09,14.9774,2,211486
strong,2048,4194304,16,AS,1,1066,9.85554e-09,14.9646,3,211486
strong,2048,4194304,16,AS,1,1066,9.85554e-09,14.9147,4,211486
strong,2048,4194304,16,AS,1,1066,9.85554e-09,14.9879,5,211486
strong,2048,4194304,16,AS,2,1036,8.97052e-09,14.7072,1,211486
strong,2048,4194304,16,AS,2,1036,8.97052e-09,14.678,2,211486
strong,2048,4194304,16,AS,2,1036,8.97052e-09,14.6562,3,211486
strong,2048,4194304,16,AS,2,1036,8.97052e-09,14.7243,4,211486
strong,2048,4194304,16,AS,2,1036,8.97052e-09,14.7234,5,211486
strong,2048,4194304,16,BJ,0,1079,9.60647e-09,11.5489,1,211486
strong,2048,4194304,16,BJ,0,1079,9.60647e-09,11.5464,2,211486
strong,2048,4194304,16,BJ,0,1079,9.60647e-09,11.5686,3,211486
strong,2048,4194304,16,BJ,0,1079,9.60647e-09,11.5461,4,211486
strong,2048,4194304,16,BJ,0,1079,9.60647e-09,11.544,5,211486
strong,2048,4194304,32,AS,1,1072,9.48762e-09,8.51338,1,211487
strong,2048,4194304,32,AS,1,1072,9.48762e-09,8.51774,2,211487
strong,2048,4194304,32,AS,1,1072,9.48762e-09,8.51073,3,211487
strong,2048,4194304,32,AS,1,1072,9.48762e-09,8.51467,4,211487
strong,2048,4194304,32,AS,1,1072,9.48762e-09,8.51607,5,211487
strong,2048,4194304,32,AS,2,1101,9.99227e-09,9.01475,1,211487
strong,2048,4194304,32,AS,2,1101,9.99227e-09,9.01036,2,211487
strong,2048,4194304,32,AS,2,1101,9.99227e-09,8.98677,3,211487
strong,2048,4194304,32,AS,2,1101,9.99227e-09,8.99122,4,211487
strong,2048,4194304,32,AS,2,1101,9.99227e-09,8.99204,5,211487
strong,2048,4194304,32,BJ,0,1102,9.23498e-09,6.26376,1,211487
strong,2048,4194304,32,BJ,0,1102,9.23498e-09,6.25622,2,211487
strong,2048,4194304,32,BJ,0,1102,9.23498e-09,6.25698,3,211487
strong,2048,4194304,32,BJ,0,1102,9.23498e-09,6.2655,4,211487
strong,2048,4194304,32,BJ,0,1102,9.23498e-09,6.26618,5,211487
strong,2048,4194304,64,AS,1,1083,9.25241e-09,5.75821,1,211488
strong,2048,4194304,64,AS,1,1083,9.25241e-09,5.78872,2,211488
strong,2048,4194304,64,AS,1,1083,9.25241e-09,5.69052,3,211488
strong,2048,4194304,64,AS,1,1083,9.25241e-09,5.78744,4,211488
strong,2048,4194304,64,AS,1,1083,9.25241e-09,5.9038,5,211488
strong,2048,4194304,64,AS,2,1103,9.39658e-09,6.18141,1,211488
strong,2048,4194304,64,AS,2,1103,9.39658e-09,6.18665,2,211488
strong,2048,4194304,64,AS,2,1103,9.39658e-09,6.17988,3,211488
strong,2048,4194304,64,AS,2,1103,9.39658e-09,6.33474,4,211488
strong,2048,4194304,64,AS,2,1103,9.39658e-09,6.24212,5,211488
strong,2048,4194304,64,BJ,0,1147,8.75946e-09,4.42153,1,211488
strong,2048,4194304,64,BJ,0,1147,8.75946e-09,4.31009,2,211488
strong,2048,4194304,64,BJ,0,1147,8.75946e-09,4.28653,3,211488
strong,2048,4194304,64,BJ,0,1147,8.75946e-09,4.40653,4,211488
strong,2048,4194304,64,BJ,0,1147,8.75946e-09,4.39297,5,211488
strong,2048,4194304,128,AS,1,1101,9.158e-09,2.35774,1,211489
strong,2048,4194304,128,AS,1,1101,9.158e-09,2.36259,2,211489
strong,2048,4194304,128,AS,1,1101,9.158e-09,2.35441,3,211489
strong,2048,4194304,128,AS,1,1101,9.158e-09,2.36437,4,211489
strong,2048,4194304,128,AS,1,1101,9.158e-09,2.45147,5,211489
strong,2048,4194304,128,AS,2,1095,9.60991e-09,2.56673,1,211489
strong,2048,4194304,128,AS,2,1095,9.60991e-09,2.59048,2,211489
strong,2048,4194304,128,AS,2,1095,9.60991e-09,2.5568,3,211489
strong,2048,4194304,128,AS,2,1095,9.60991e-09,2.59094,4,211489
strong,2048,4194304,128,AS,2,1095,9.60991e-09,2.5639,5,211489
strong,2048,4194304,128,BJ,0,1233,8.66811e-09,2.24536,1,211489
strong,2048,4194304,128,BJ,0,1233,8.66811e-09,2.25155,2,211489
strong,2048,4194304,128,BJ,0,1233,8.66811e-09,2.23676,3,211489
strong,2048,4194304,128,BJ,0,1233,8.66811e-09,2.32281,4,211489
strong,2048,4194304,128,BJ,0,1233,8.66811e-09,2.21597,5,211489
weak,256,65536,1,AS,1,102,9.00337e-09,0.370464,1,211490
weak,256,65536,1,AS,1,102,9.00337e-09,0.277804,2,211490
weak,256,65536,1,AS,1,102,9.00337e-09,0.27619,3,211490
weak,256,65536,1,AS,1,102,9.00337e-09,0.313477,4,211490
weak,256,65536,1,AS,1,102,9.00337e-09,0.369805,5,211490
weak,256,65536,1,AS,2,102,9.00337e-09,0.347145,1,211490
weak,256,65536,1,AS,2,102,9.00337e-09,0.273407,2,211490
weak,256,65536,1,AS,2,102,9.00337e-09,0.286465,3,211490
weak,256,65536,1,AS,2,102,9.00337e-09,0.350919,4,211490
weak,256,65536,1,AS,2,102,9.00337e-09,0.358692,5,211490
weak,256,65536,1,BJ,0,102,9.00337e-09,0.320154,1,211490
weak,256,65536,1,BJ,0,102,9.00337e-09,0.306584,2,211490
weak,256,65536,1,BJ,0,102,9.00337e-09,0.238274,3,211490
weak,256,65536,1,BJ,0,102,9.00337e-09,0.320041,4,211490
weak,256,65536,1,BJ,0,102,9.00337e-09,0.32295,5,211490
weak,362,131044,2,AS,1,226,8.66291e-09,0.936321,1,211491
weak,362,131044,2,AS,1,226,8.66291e-09,0.887593,2,211491
weak,362,131044,2,AS,1,226,8.66291e-09,0.900672,3,211491
weak,362,131044,2,AS,1,226,8.66291e-09,0.86125,4,211491
weak,362,131044,2,AS,1,226,8.66291e-09,0.863006,5,211491
weak,362,131044,2,AS,2,228,9.73973e-09,0.890547,1,211491
weak,362,131044,2,AS,2,228,9.73973e-09,0.89519,2,211491
weak,362,131044,2,AS,2,228,9.73973e-09,0.922198,3,211491
weak,362,131044,2,AS,2,228,9.73973e-09,0.908744,4,211491
weak,362,131044,2,AS,2,228,9.73973e-09,0.893841,5,211491
weak,362,131044,2,BJ,0,239,6.24353e-09,0.765275,1,211491
weak,362,131044,2,BJ,0,239,6.24353e-09,0.794324,2,211491
weak,362,131044,2,BJ,0,239,6.24353e-09,0.837028,3,211491
weak,362,131044,2,BJ,0,239,6.24353e-09,0.840962,4,211491
weak,362,131044,2,BJ,0,239,6.24353e-09,0.807339,5,211491
weak,512,262144,4,AS,1,288,8.47553e-09,0.804804,1,211945
weak,512,262144,4,AS,1,288,8.47553e-09,0.804496,2,211945
weak,512,262144,4,AS,1,288,8.47553e-09,0.806305,3,211945
weak,512,262144,4,AS,1,288,8.47553e-09,0.806444,4,211945
weak,512,262144,4,AS,1,288,8.47553e-09,0.805951,5,211945
weak,512,262144,4,AS,2,292,8.75927e-09,0.826202,1,211945
weak,512,262144,4,AS,2,292,8.75927e-09,0.829215,2,211945
weak,512,262144,4,AS,2,292,8.75927e-09,0.827312,3,211945
weak,512,262144,4,AS,2,292,8.75927e-09,0.826496,4,211945
weak,512,262144,4,AS,2,292,8.75927e-09,0.82799,5,211945
weak,512,262144,4,BJ,0,299,9.16747e-09,0.71757,1,211945
weak,512,262144,4,BJ,0,299,9.16747e-09,0.717415,2,211945
weak,512,262144,4,BJ,0,299,9.16747e-09,0.718984,3,211945
weak,512,262144,4,BJ,0,299,9.16747e-09,0.723712,4,211945
weak,512,262144,4,BJ,0,299,9.16747e-09,0.718801,5,211945
weak,724,524176,8,AS,1,454,9.39962e-09,1.29556,1,211946
weak,724,524176,8,AS,1,454,9.39962e-09,1.29918,2,211946
weak,724,524176,8,AS,1,454,9.39962e-09,1.29809,3,211946
weak,724,524176,8,AS,1,454,9.39962e-09,1.29711,4,211946
weak,724,524176,8,AS,1,454,9.39962e-09,1.29673,5,211946
weak,724,524176,8,AS,2,449,8.97536e-09,1.30499,1,211946
weak,724,524176,8,AS,2,449,8.97536e-09,1.30451,2,211946
weak,724,524176,8,AS,2,449,8.97536e-09,1.304,3,211946
weak,724,524176,8,AS,2,449,8.97536e-09,1.3056,4,211946
weak,724,524176,8,AS,2,449,8.97536e-09,1.30689,5,211946
weak,724,524176,8,BJ,0,462,7.77661e-09,1.11831,1,211946
weak,724,524176,8,BJ,0,462,7.77661e-09,1.12721,2,211946
weak,724,524176,8,BJ,0,462,7.77661e-09,1.12773,3,211946
weak,724,524176,8,BJ,0,462,7.77661e-09,1.1218,4,211946
weak,724,524176,8,BJ,0,462,7.77661e-09,1.11927,5,211946
weak,1024,1048576,16,AS,1,556,9.88594e-09,1.66014,1,211947
weak,1024,1048576,16,AS,1,556,9.88594e-09,1.64639,2,211947
weak,1024,1048576,16,AS,1,556,9.88594e-09,1.64346,3,211947
weak,1024,1048576,16,AS,1,556,9.88594e-09,1.64769,4,211947
weak,1024,1048576,16,AS,1,556,9.88594e-09,1.64859,5,211947
weak,1024,1048576,16,AS,2,551,9.87306e-09,1.67935,1,211947
weak,1024,1048576,16,AS,2,551,9.87306e-09,1.67338,2,211947
weak,1024,1048576,16,AS,2,551,9.87306e-09,1.67877,3,211947
weak,1024,1048576,16,AS,2,551,9.87306e-09,1.67448,4,211947
weak,1024,1048576,16,AS,2,551,9.87306e-09,1.67437,5,211947
weak,1024,1048576,16,BJ,0,571,9.18973e-09,1.40537,1,211947
weak,1024,1048576,16,BJ,0,571,9.18973e-09,1.4121,2,211947
weak,1024,1048576,16,BJ,0,571,9.18973e-09,1.40568,3,211947
weak,1024,1048576,16,BJ,0,571,9.18973e-09,1.39306,4,211947
weak,1024,1048576,16,BJ,0,571,9.18973e-09,1.40237,5,211947
weak,1448,2096704,32,AS,1,959,9.15483e-09,3.12046,1,211495
weak,1448,2096704,32,AS,1,959,9.15483e-09,3.09192,2,211495
weak,1448,2096704,32,AS,1,959,9.15483e-09,3.09575,3,211495
weak,1448,2096704,32,AS,1,959,9.15483e-09,3.08549,4,211495
weak,1448,2096704,32,AS,1,959,9.15483e-09,3.09793,5,211495
weak,1448,2096704,32,AS,2,960,9.97051e-09,3.22286,1,211495
weak,1448,2096704,32,AS,2,960,9.97051e-09,3.22597,2,211495
weak,1448,2096704,32,AS,2,960,9.97051e-09,3.22379,3,211495
weak,1448,2096704,32,AS,2,960,9.97051e-09,3.22776,4,211495
weak,1448,2096704,32,AS,2,960,9.97051e-09,3.21617,5,211495
weak,1448,2096704,32,BJ,0,1025,9.50055e-09,2.60237,1,211495
weak,1448,2096704,32,BJ,0,1025,9.50055e-09,2.60307,2,211495
weak,1448,2096704,32,BJ,0,1025,9.50055e-09,2.60965,3,211495
weak,1448,2096704,32,BJ,0,1025,9.50055e-09,2.60645,4,211495
weak,1448,2096704,32,BJ,0,1025,9.50055e-09,2.60108,5,211495
weak,2048,4194304,64,AS,1,1083,9.25241e-09,5.74989,1,211496
weak,2048,4194304,64,AS,1,1083,9.25241e-09,5.67365,2,211496
weak,2048,4194304,64,AS,1,1083,9.25241e-09,5.68182,3,211496
weak,2048,4194304,64,AS,1,1083,9.25241e-09,5.69288,4,211496
weak,2048,4194304,64,AS,1,1083,9.25241e-09,5.68087,5,211496
weak,2048,4194304,64,AS,2,1103,9.39658e-09,6.10333,1,211496
weak,2048,4194304,64,AS,2,1103,9.39658e-09,6.12153,2,211496
weak,2048,4194304,64,AS,2,1103,9.39658e-09,6.09399,3,211496
weak,2048,4194304,64,AS,2,1103,9.39658e-09,6.07494,4,211496
weak,2048,4194304,64,AS,2,1103,9.39658e-09,6.07903,5,211496
weak,2048,4194304,64,BJ,0,1147,8.75946e-09,4.0623,1,211496
weak,2048,4194304,64,BJ,0,1147,8.75946e-09,4.04889,2,211496
weak,2048,4194304,64,BJ,0,1147,8.75946e-09,4.05208,3,211496
weak,2048,4194304,64,BJ,0,1147,8.75946e-09,4.07312,4,211496
weak,2048,4194304,64,BJ,0,1147,8.75946e-09,4.07066,5,211496
weak,2896,8386816,128,AS,1,1900,9.50243e-09,10.3834,1,211497
weak,2896,8386816,128,AS,1,1900,9.50243e-09,10.4323,2,211497
weak,2896,8386816,128,AS,1,1900,9.50243e-09,10.5249,3,211497
weak,2896,8386816,128,AS,1,1900,9.50243e-09,10.5513,4,211497
weak,2896,8386816,128,AS,1,1900,9.50243e-09,10.3949,5,211497
weak,2896,8386816,128,AS,2,1909,9.94903e-09,11.7612,1,211497
weak,2896,8386816,128,AS,2,1909,9.94903e-09,11.2381,2,211497
weak,2896,8386816,128,AS,2,1909,9.94903e-09,11.2648,3,211497
weak,2896,8386816,128,AS,2,1909,9.94903e-09,11.2748,4,211497
weak,2896,8386816,128,AS,2,1909,9.94903e-09,11.2353,5,211497
weak,2896,8386816,128,BJ,0,2135,9.62245e-09,7.7875,1,211497
weak,2896,8386816,128,BJ,0,2135,9.62245e-09,7.84586,2,211497
weak,2896,8386816,128,BJ,0,2135,9.62245e-09,7.84003,3,211497
weak,2896,8386816,128,BJ,0,2135,9.62245e-09,7.72373,4,211497
weak,2896,8386816,128,BJ,0,2135,9.62245e-09,7.77289,5,211497
