n,unknowns,processes,local_rows,local_unknowns,method,overlap,run_id,iterations,relative_residual,total_time,spmv_time,halo_time,preconditioner_time,reduction_time,vector_time
512,262144,1,512,262144,BJ,0,1,201,9.4415e-09,3.69958,0.252568,0.000268689,3.08757,0.000224226,0.181605
512,262144,1,512,262144,AS1,1,1,201,9.4415e-09,3.21824,0.33025,0.00033122,2.60555,0.000341385,0.13601
512,262144,1,512,262144,AS2,2,1,201,9.4415e-09,4.35326,0.42951,0.000360037,3.52134,0.000299802,0.205035
512,262144,1,512,262144,BJ,0,2,201,9.4415e-09,3.53076,0.260108,0.000289766,2.89325,0.000277538,0.178291
512,262144,1,512,262144,AS1,1,2,201,9.4415e-09,3.04924,0.296773,0.000337042,2.46514,0.000337637,0.149167
512,262144,1,512,262144,AS2,2,2,201,9.4415e-09,3.22666,0.356707,0.000353467,2.58711,0.000355816,0.141852
512,262144,1,512,262144,BJ,0,3,201,9.4415e-09,2.48674,0.186235,0.000284624,2.00927,0.000241393,0.162462
512,262144,1,512,262144,AS1,1,3,201,9.4415e-09,2.86886,0.273911,0.000286349,2.33836,0.00025271,0.126486
512,262144,1,512,262144,AS2,2,3,201,9.4415e-09,3.15876,0.294804,0.000326542,2.54721,0.000301659,0.13822
1024,1048576,1,1024,1048576,BJ,0,1,383,9.32925e-09,24.2046,2.56477,0.00136933,18.7426,0.00116169,1.50097
1024,1048576,1,1024,1048576,AS1,1,1,383,9.32925e-09,27.1871,2.51673,0.00143298,21.6333,0.00127219,1.4944
1024,1048576,1,1024,1048576,AS2,2,1,383,9.32925e-09,26.1028,2.35376,0.00148818,20.6292,0.00124662,1.52315
1024,1048576,1,1024,1048576,BJ,0,2,383,9.32925e-09,23.0712,2.2232,0.00119818,18.3068,0.00107506,1.36854
1024,1048576,1,1024,1048576,AS1,1,2,383,9.32925e-09,25.921,2.34442,0.00148148,20.2829,0.00123873,1.66226
1024,1048576,1,1024,1048576,AS2,2,2,383,9.32925e-09,26.2738,2.37982,0.0124697,20.8649,0.00119368,1.46983
1024,1048576,1,1024,1048576,BJ,0,3,383,9.32925e-09,22.9772,2.28889,0.00127806,17.8857,0.00111861,1.45131
1024,1048576,1,1024,1048576,AS1,1,3,383,9.32925e-09,27.3973,2.49346,0.00149912,21.7552,0.00137839,1.55114
1024,1048576,1,1024,1048576,AS2,2,3,383,9.32925e-09,27.7695,2.41371,0.0014381,22.2167,0.0013585,1.5823
2048,4194304,1,2048,4194304,BJ,0,1,764,9.63899e-09,207.136,22.5554,0.00447366,153.738,0.00314805,15.1317
2048,4194304,1,2048,4194304,AS1,1,1,764,9.63899e-09,237.594,22.5248,0.00464241,184.085,0.00392922,15.1996
2048,4194304,1,2048,4194304,AS2,2,1,764,9.63899e-09,236.855,22.4635,0.0155383,183.518,0.00385734,15.3477
2048,4194304,1,2048,4194304,BJ,0,2,764,9.63899e-09,207.798,23.0746,0.00429546,154.443,0.00306547,15.0765
2048,4194304,1,2048,4194304,AS1,1,2,764,9.63899e-09,241.252,23.0507,0.00459816,186.896,0.0034294,15.4964
2048,4194304,1,2048,4194304,AS2,2,2,764,9.63899e-09,238.888,22.702,0.0155731,184.932,0.0146635,15.5478
2048,4194304,1,2048,4194304,BJ,0,3,764,9.63899e-09,205.184,22.5044,0.00456251,151.424,0.00317543,15.5187
2048,4194304,1,2048,4194304,AS1,1,3,764,9.63899e-09,235.965,22.2863,0.00473424,182.45,0.00436308,15.5274
2048,4194304,1,2048,4194304,AS2,2,3,764,9.63899e-09,242.831,23.7131,0.00451985,187.798,0.00323276,15.4272
512,262144,16,32,16384,BJ,0,1,309,9.99903e-09,9.64396,1.56305,1.54426,0.220748,9.39674,0.012687
512,262144,16,32,16384,AS1,1,1,291,8.90873e-09,13.5763,1.69369,1.67565,2.56465,13.3176,0.0133962
512,262144,16,32,16384,AS2,2,1,289,8.49987e-09,15.0323,1.90965,1.89128,3.36475,14.7421,0.0139802
512,262144,16,32,16384,BJ,0,2,309,9.99903e-09,0.268378,0.0210817,0.00314298,0.217802,0.0185613,0.0107336
512,262144,16,32,16384,AS1,1,2,291,8.90873e-09,0.278333,0.0212465,0.00253175,0.230848,0.0130493,0.00982517
512,262144,16,32,16384,AS2,2,2,289,8.49987e-09,0.290532,0.0199136,0.00245815,0.243463,0.0140997,0.00996937
512,262144,16,32,16384,BJ,0,3,309,9.99903e-09,0.264,0.0213208,0.00319442,0.213024,0.0113427,0.0102774
512,262144,16,32,16384,AS1,1,3,291,8.90873e-09,0.282484,0.0207374,0.00447097,0.234667,0.0188622,0.00962278
512,262144,16,32,16384,AS2,2,3,289,8.49987e-09,0.29391,0.0195917,0.00242037,0.248934,0.0209404,0.00977504
1024,1048576,16,64,65536,BJ,0,1,571,9.18973e-09,1.94823,0.144126,0.00914496,1.58356,0.132752,0.0790197
1024,1048576,16,64,65536,AS1,1,1,556,9.88594e-09,2.30248,0.200036,0.0119961,1.91017,0.141374,0.0789692
1024,1048576,16,64,65536,AS2,2,1,551,9.87306e-09,2.36857,0.203276,0.0130921,1.97136,0.150077,0.078603
1024,1048576,16,64,65536,BJ,0,2,571,9.18973e-09,2.53846,0.20915,0.0509872,1.65729,0.730151,0.0788871
1024,1048576,16,64,65536,AS1,1,2,556,9.88594e-09,2.68644,0.213164,0.0248836,2.05393,0.493644,0.0806947
1024,1048576,16,64,65536,AS2,2,2,551,9.87306e-09,2.64174,0.235294,0.037347,2.03488,0.405038,0.0819028
1024,1048576,16,64,65536,BJ,0,3,571,9.18973e-09,2.14587,0.217112,0.0586425,1.64217,0.324373,0.0811531
1024,1048576,16,64,65536,AS1,1,3,556,9.88594e-09,2.62657,0.227442,0.0303906,2.0003,0.436305,0.099159
1024,1048576,16,64,65536,AS2,2,3,551,9.87306e-09,2.6358,0.237808,0.0404223,2.03439,0.398763,0.0811556
2048,4194304,16,128,262144,BJ,0,1,1079,9.60647e-09,20.7841,2.36163,0.876188,12.3542,6.78309,1.1573
2048,4194304,16,128,262144,AS1,1,1,1066,9.85554e-09,40.7488,4.48943,2.33584,20.5465,22.634,1.32856
2048,4194304,16,128,262144,AS2,2,1,1036,8.97052e-09,36.7114,4.15095,2.24959,19.2155,18.9771,1.27803
2048,4194304,16,128,262144,BJ,0,2,1079,9.60647e-09,34.8023,4.62284,2.92852,13.7582,20.8496,1.26183
2048,4194304,16,128,262144,AS1,1,2,1066,9.85554e-09,35.777,3.8536,1.86396,19.4292,17.9148,1.2259
2048,4194304,16,128,262144,AS2,2,2,1036,8.97052e-09,37.3955,4.04801,1.88884,19.3543,19.669,1.20709
2048,4194304,16,128,262144,BJ,0,3,1079,9.60647e-09,35.1667,4.45407,2.77976,13.2387,21.1513,1.13647
2048,4194304,16,128,262144,AS1,1,3,1066,9.85554e-09,33.1713,3.59145,1.41334,19.038,15.072,1.23871
2048,4194304,16,128,262144,AS2,2,3,1036,8.97052e-09,36.6087,3.90557,1.96333,19.6737,19.0231,1.17476
512,262144,32,16,8192,BJ,0,1,324,9.77187e-09,0.713537,0.222225,0.212941,0.135069,0.576051,0.00629147
512,262144,32,16,8192,AS1,1,1,295,7.55314e-09,0.180353,0.0213093,0.0125895,0.142203,0.0435152,0.0057459
512,262144,32,16,8192,AS2,2,1,294,8.03923e-09,0.172283,0.0130715,0.00319327,0.144146,0.0422985,0.00513937
512,262144,32,16,8192,BJ,0,2,324,9.77187e-09,0.254147,0.0553209,0.0460732,0.113849,0.12159,0.00582492
512,262144,32,16,8192,AS1,1,2,295,7.55314e-09,0.207135,0.0208908,0.0118634,0.145632,0.0757023,0.00576772
512,262144,32,16,8192,AS2,2,2,294,8.03923e-09,0.227892,0.0145243,0.00576811,0.19544,0.0983492,0.00569889
512,262144,32,16,8192,BJ,0,3,324,9.77187e-09,0.273498,0.0752095,0.0656722,0.146504,0.164908,0.00568224
512,262144,32,16,8192,AS1,1,3,295,7.55314e-09,0.157375,0.0116564,0.00294135,0.129222,0.0206081,0.00514263
512,262144,32,16,8192,AS2,2,3,294,8.03923e-09,0.184176,0.0131313,0.00326164,0.144859,0.0570148,0.00518841
1024,1048576,32,32,32768,BJ,0,1,596,8.20908e-09,1.8645,0.205803,0.145324,0.845967,0.928494,0.0401383
1024,1048576,32,32,32768,AS1,1,1,562,8.79959e-09,1.61987,0.14348,0.0773046,1.07255,0.555694,0.0420417
1024,1048576,32,32,32768,AS2,2,1,571,9.77984e-09,1.40126,0.0876297,0.022248,1.11111,0.334428,0.0420416
1024,1048576,32,32,32768,BJ,0,2,596,8.20908e-09,1.62694,0.203109,0.138634,0.871987,0.703163,0.0412675
1024,1048576,32,32,32768,AS1,1,2,562,8.79959e-09,1.2792,0.0797055,0.0237784,0.930475,0.318229,0.0401187
1024,1048576,32,32,32768,AS2,2,2,571,9.77984e-09,1.35993,0.0922403,0.0261468,1.03751,0.264586,0.0405501
1024,1048576,32,32,32768,BJ,0,3,596,8.20908e-09,2.44576,0.312352,0.233212,0.85648,1.44913,0.0582273
1024,1048576,32,32,32768,AS1,1,3,562,8.79959e-09,1.48748,0.100405,0.0420314,1.04053,0.49275,0.0390171
1024,1048576,32,32,32768,AS2,2,3,571,9.77984e-09,1.17311,0.0793749,0.0136197,0.992257,0.267364,0.0390867
2048,4194304,32,64,131072,BJ,0,1,1102,9.235e-09,10.6146,0.807962,0.292295,6.13858,3.33548,0.450473
2048,4194304,32,64,131072,AS1,1,1,1072,9.48762e-09,14.7067,1.31762,0.542613,8.53765,5.5093,0.513733
2048,4194304,32,64,131072,AS2,2,1,1101,9.99226e-09,14.7877,1.25711,0.453982,8.77418,5.21458,0.532848
2048,4194304,32,64,131072,BJ,0,2,1102,9.235e-09,8.8619,0.690268,0.18289,6.16411,2.04384,0.433694
2048,4194304,32,64,131072,AS1,1,2,1072,9.48762e-09,10.8208,0.996454,0.268753,7.60975,2.94597,0.556604
2048,4194304,32,64,131072,AS2,2,2,1101,9.99226e-09,13.2779,1.08986,0.325772,8.18441,4.26961,0.54868
2048,4194304,32,64,131072,BJ,0,3,1102,9.235e-09,11.901,0.902476,0.375415,6.25622,4.56217,0.441685
2048,4194304,32,64,131072,AS1,1,3,1072,9.48762e-09,12.1124,1.06008,0.332469,7.61865,3.90588,0.538938
2048,4194304,32,64,131072,AS2,2,3,1101,9.99226e-09,11.8329,1.04966,0.297576,8.32949,3.78639,0.566628
512,262144,4,128,65536,BJ,0,1,299,9.16747e-09,9.26925,1.2315,1.12713,1.70972,7.18505,0.0760059
512,262144,4,128,65536,AS1,1,1,288,8.47553e-09,12.3189,1.25963,1.14078,5.06832,9.02716,0.0703531
512,262144,4,128,65536,AS2,2,1,292,8.75927e-09,10.1811,0.841998,0.731413,4.00845,6.55099,0.0620726
512,262144,4,128,65536,BJ,0,2,299,9.16747e-09,6.4963,0.837542,0.760358,1.77276,4.68474,0.080244
512,262144,4,128,65536,AS1,1,2,288,8.47553e-09,6.26127,0.718739,0.609167,2.69496,3.70333,0.0608083
512,262144,4,128,65536,AS2,2,2,292,8.75927e-09,8.02857,0.866529,0.746045,3.46597,4.72703,0.0649402
512,262144,4,128,65536,BJ,0,3,299,9.16747e-09,7.16676,1.01232,0.925601,1.68158,5.35,0.0716596
512,262144,4,128,65536,AS1,1,3,288,8.47553e-09,1.25759,0.105189,0.0171222,1.03935,0.226543,0.0418383
512,262144,4,128,65536,AS2,2,3,292,8.75927e-09,1.18293,0.104022,0.00846475,0.97479,0.108773,0.0424208
1024,1048576,4,256,262144,BJ,0,1,577,9.65072e-09,7.25062,0.580786,0.0683527,5.52879,0.700961,0.364898
1024,1048576,4,256,262144,AS1,1,1,553,9.99784e-09,24.4779,2.64442,1.67378,17.7083,14.9425,0.941514
1024,1048576,4,256,262144,AS2,2,1,578,9.9035e-09,22.6216,2.53498,1.69133,16.7363,13.6112,1.38927
1024,1048576,4,256,262144,BJ,0,2,577,9.65072e-09,20.0652,1.80638,1.17284,14.1882,12.2246,1.16134
1024,1048576,4,256,262144,AS1,1,2,553,9.99784e-09,22.7147,2.6698,1.58098,16.7191,14.1121,1.04408
1024,1048576,4,256,262144,AS2,2,2,578,9.9035e-09,23.8581,2.13218,1.12998,17.3285,14.005,1.31276
1024,1048576,4,256,262144,BJ,0,3,577,9.65072e-09,19.0936,1.74806,0.824511,14.0615,11.5373,0.931719
1024,1048576,4,256,262144,AS1,1,3,553,9.99784e-09,24.7572,2.57524,1.57143,18.2401,15.7403,1.16693
1024,1048576,4,256,262144,AS2,2,3,578,9.9035e-09,25.242,3.17399,2.17476,17.9429,15.7339,1.21861
2048,4194304,4,512,1048576,BJ,0,1,1146,9.85032e-09,281.578,29.375,22.8103,207.709,216.53,18.2048
2048,4194304,4,512,1048576,AS1,1,1,1069,8.42689e-09,305.745,30.8074,21.5288,232.607,233.736,17.0701
2048,4194304,4,512,1048576,AS2,2,1,1115,9.20774e-09,305.565,29.8995,21.8762,232.429,230.597,16.0388
2048,4194304,4,512,1048576,BJ,0,2,1146,9.85032e-09,282.343,31.1409,24.22,209.494,217.388,17.3097
2048,4194304,4,512,1048576,AS1,1,2,1069,8.42689e-09,313.33,32.1721,22.9495,237.478,240.568,16.4436
2048,4194304,4,512,1048576,AS2,2,2,1115,9.20774e-09,322.664,32.778,23.5446,243.706,244.61,16.6709
2048,4194304,4,512,1048576,BJ,0,3,1146,9.85032e-09,259.143,29.2023,21.3708,190.612,194.399,15.7522
2048,4194304,4,512,1048576,AS1,1,3,1069,8.42689e-09,316.242,33.589,23.1586,237.402,242.97,17.0556
2048,4194304,4,512,1048576,AS2,2,3,1115,9.20774e-09,329.987,35.7661,24.6582,251.432,253.303,16.4506
