crossover_rank,scaling,grid_size,processes,method,R_T,R_T_ci_lower,R_T_ci_upper,runtime_penalty_pct,ci_lower_runtime_penalty_pct,R_k,R_k_ci_lower,R_k_ci_upper,iteration_change_pct,iteration_reduction_pct,R_C,R_C_ci_lower,R_C_ci_upper,per_iteration_cost_change_pct,decomposition_pattern,runtime_conclusion,screening_RT_le_1_20
1,strong,2048,1,BJ,1.33462265299193,1.32210693239803,1.34814732970093,33.462265299193,32.210693239803,0.199686356508102,0.199686356508102,0.199686356508102,-80.0313643491898,80.0313643491898,6.68359459469521,6.62091770072624,6.75132419297876,568.359459469521,iteration_gain_but_per_iteration_penalty,CG_faster,False
2,strong,512,1,BJ,1.43160203080846,1.42909782816002,1.4352389376028,43.160203080846,42.909782816002,0.213602550478215,0.213602550478215,0.213602550478215,-78.6397449521785,78.6397449521785,6.70217667159581,6.69045301641082,6.71920318549369,570.217667159581,iteration_gain_but_per_iteration_penalty,CG_faster,False
3,strong,2048,1,AS1,1.53622800330551,1.52127026339912,1.55090611284516,53.622800330551,52.127026339912,0.199686356508102,0.199686356508102,0.199686356508102,-80.0313643491898,80.0313643491898,7.69320463435456,7.61829846566102,7.76671045516435,669.320463435456,iteration_gain_but_per_iteration_penalty,CG_faster,False
4,strong,2048,1,AS2,1.54245081772932,1.52745954407237,1.55652120068787,54.245081772932,52.745954407237,0.199686356508102,0.199686356508102,0.199686356508102,-80.0313643491898,80.0313643491898,7.72436757674395,7.64929347594358,7.79482999192645,672.436757674395,iteration_gain_but_per_iteration_penalty,CG_faster,False
5,strong,2048,16,BJ,1.55928167637642,1.5511304550074,1.5662415477426,55.928167637642,55.11304550074,0.282017773131208,0.282017773131208,0.282017773131208,-71.7982226868792,71.7982226868792,5.52901917869896,5.50011596001698,5.55369801822353,452.901917869896,iteration_gain_but_per_iteration_penalty,CG_faster,False
6,strong,2048,8,BJ,1.56255382452512,1.54417393070266,1.58188417293625,56.255382452512,54.417393070266,0.290120230005227,0.290120230005227,0.290120230005227,-70.9879769994773,70.9879769994773,5.3858837230929,5.32253104402556,5.45251247356223,438.58837230929,iteration_gain_but_per_iteration_penalty,CG_faster,False
7,strong,2048,4,BJ,1.57136953190129,1.55625686001491,1.58560326474523,57.136953190129,55.625686001491,0.299529534762154,0.299529534762154,0.299529534762154,-70.0470465237846,70.0470465237846,5.246125505283,5.19567080839184,5.29364580359096,424.6125505283,iteration_gain_but_per_iteration_penalty,CG_faster,False
8,strong,512,1,AS2,1.67397791548051,1.67070307894214,1.67838086866684,67.397791548051,67.070307894214,0.213602550478215,0.213602550478215,0.213602550478215,-78.6397449521785,78.6397449521785,7.83688168391622,7.82155023524651,7.85749451450494,683.688168391622,iteration_gain_but_per_iteration_penalty,CG_faster,False
9,strong,2048,32,BJ,1.70650472996286,1.69851674443379,1.71594263406696,70.650472996286,69.851674443379,0.288029273392577,0.288029273392577,0.288029273392577,-71.1970726607423,71.1970726607423,5.92476143088739,5.89702818893257,5.95752860067168,492.476143088739,iteration_gain_but_per_iteration_penalty,CG_faster,False
10,strong,2048,4,AS1,1.74222752912763,1.72500150075932,1.7582043242962,74.222752912763,72.500150075932,0.279404077365395,0.279404077365395,0.279404077365395,-72.0595922634605,72.0595922634605,6.23551218563358,6.17385944050997,6.29269386787394,523.551218563358,iteration_gain_but_per_iteration_penalty,CG_faster,False
11,strong,2048,4,AS2,1.82524972292409,1.80710902776754,1.84174525558592,82.524972292409,80.710902776754,0.291427077888134,0.291427077888134,0.291427077888134,-70.8572922111866,70.8572922111866,6.26314389229379,6.20089608990009,6.31974650033338,526.314389229379,iteration_gain_but_per_iteration_penalty,CG_faster,False
12,strong,2048,8,AS1,1.84729726699998,1.82550812687433,1.86977998144824,84.729726699998,82.550812687433,0.278619968635651,0.278619968635651,0.278619968635651,-72.1380031364349,72.1380031364349,6.63016823972037,6.55196444035757,6.71086135930672,563.016823972037,iteration_gain_but_per_iteration_penalty,CG_faster,False
13,strong,2048,8,AS2,1.9278616183823,1.905137458993,1.95163375268729,92.78616183823,90.5137458993,0.289074751698902,0.289074751698902,0.289074751698902,-71.0925248301098,71.0925248301098,6.66907644840026,6.590466472068,6.75131169781334,566.907644840026,iteration_gain_but_per_iteration_penalty,CG_faster,False
14,strong,2048,16,AS2,1.97597848916629,1.96545864660682,1.98527301714911,97.597848916629,96.545864660682,0.270778881338212,0.270778881338212,0.270778881338212,-72.9221118661788,72.9221118661788,7.29738774087861,7.25853743428348,7.33171289923987,629.738774087861,iteration_gain_but_per_iteration_penalty,CG_faster,False
15,strong,1024,8,BJ,2.00543382872309,1.97786618082551,2.03601323717129,100.543382872309,97.786618082551,0.305057955742887,0.305057955742887,0.305057955742887,-69.4942044257113,69.4942044257113,6.57394370797311,6.48357514888917,6.67418501580503,557.394370797311,iteration_gain_but_per_iteration_penalty,CG_faster,False
16,strong,2048,16,AS1,2.00984023454584,1.9987144615671,2.01964165258053,100.984023454584,99.87144615671,0.278619968635651,0.278619968635651,0.278619968635651,-72.1380031364349,72.1380031364349,7.21355416263825,7.17362244836373,7.24873261048133,621.355416263825,iteration_gain_but_per_iteration_penalty,CG_faster,False
17,strong,1024,4,BJ,2.01995716391273,2.01157705763557,2.02756645751862,101.995716391273,101.157705763557,0.304004214963119,0.304004214963119,0.304004214963119,-69.5995785036881,69.5995785036881,6.64450380780998,6.61693805093989,6.66953403183769,564.450380780998,iteration_gain_but_per_iteration_penalty,CG_faster,False
18,strong,1024,32,BJ,2.02137439426741,2.01124944246775,2.03215875492412,102.137439426741,101.124944246775,0.314014752370917,0.314014752370917,0.314014752370917,-68.5985247629083,68.5985247629083,6.43719563812004,6.40495208356341,6.47153912222481,543.719563812004,iteration_gain_but_per_iteration_penalty,CG_faster,False
19,weak,1024,16,BJ,2.02733739462223,2.00600140832968,2.0480244220418,102.733739462223,100.600140832968,0.300842992623815,0.300842992623815,0.300842992623815,-69.9157007376185,69.9157007376185,6.73885529771101,6.66793462873859,6.80761883193578,573.885529771101,iteration_gain_but_per_iteration_penalty,CG_faster,False
20,strong,2048,64,BJ,2.03453600107614,1.95039191716788,2.16106467970125,103.453600107614,95.039191716788,0.299790904338735,0.299790904338735,0.299790904338735,-70.0209095661265,70.0209095661265,6.78651677429584,6.50584086755387,7.2085732036068,578.651677429584,iteration_gain_but_per_iteration_penalty,CG_faster,False
21,strong,2048,128,BJ,2.0508010072286,1.99092544073497,2.11285145747358,105.08010072286,99.092544073497,0.322268687924726,0.322268687924726,0.322268687924726,-67.7731312075274,67.7731312075274,6.36363718869151,6.17784325730088,6.55617978612646,536.363718869151,iteration_gain_but_per_iteration_penalty,CG_faster,False
22,strong,512,32,BJ,2.05082296782761,2.03163998727519,2.07017156095186,105.082296782761,103.163998727519,0.344314558979809,0.344314558979809,0.344314558979809,-65.5685441020191,65.5685441020191,5.95624818742525,5.90053465440108,6.01244271251759,495.624818742525,iteration_gain_but_per_iteration_penalty,CG_faster,False
23,strong,512,8,BJ,2.05673734606089,2.04376572693437,2.06920181004622,105.673734606089,104.376572693437,0.307120085015941,0.307120085015941,0.307120085015941,-69.2879914984059,69.2879914984059,6.69685066658581,6.65461435655793,6.73743565139618,569.685066658581,iteration_gain_but_per_iteration_penalty,CG_faster,False
24,weak,256,1,BJ,2.07079587673645,2.02985850470019,2.10894694776663,107.079587673645,102.985850470019,0.217021276595745,0.217021276595745,0.217021276595745,-78.2978723404255,78.2978723404255,9.54190256927579,9.35326958048126,9.71769672010115,854.190256927579,iteration_gain_but_per_iteration_penalty,CG_faster,False
25,strong,1024,64,BJ,2.07976372532392,2.0624465841065,2.09984579084617,107.976372532392,106.24465841065,0.33508956796628,0.33508956796628,0.33508956796628,-66.491043203372,66.491043203372,6.20659048846666,6.15491134690901,6.2665209292862,520.659048846666,iteration_gain_but_per_iteration_penalty,CG_faster,False
26,strong,512,16,BJ,2.10948148021156,2.08834124066063,2.12897060885937,110.948148021156,108.834124066063,0.328374070138151,0.328374070138151,0.328374070138151,-67.1625929861849,67.1625929861849,6.42401965333034,6.35964112447138,6.48337004186624,542.401965333034,iteration_gain_but_per_iteration_penalty,CG_faster,False
27,strong,1024,32,AS1,2.12637190887273,2.11546027113156,2.1378776609964,112.637190887273,111.546027113156,0.296101159114858,0.296101159114858,0.296101159114858,-70.3898840885142,70.3898840885142,7.18123466733174,7.14438362029841,7.22009217183483,618.123466733174,iteration_gain_but_per_iteration_penalty,CG_faster,False
28,strong,1024,1,BJ,2.13127164788207,2.07342201829181,2.19266083865043,113.127164788207,107.342201829181,0.201791359325606,0.201791359325606,0.201791359325606,-79.8208640674394,79.8208640674394,10.5617587145696,10.2750783047464,10.8659798218238,956.17587145696,iteration_gain_but_per_iteration_penalty,CG_faster,False
29,strong,2048,128,AS1,2.13307248138581,2.08509276104789,2.17713188573036,113.307248138581,108.509276104789,0.287767903815996,0.287767903815996,0.287767903815996,-71.2232096184004,71.2232096184004,7.412475307704,7.24574469007194,7.56558273824193,641.2475307704,iteration_gain_but_per_iteration_penalty,CG_faster,False
30,strong,1024,64,AS1,2.16447014926437,2.14539079704218,2.18178595574949,116.447014926437,114.539079704218,0.298735511064278,0.298735511064278,0.298735511064278,-70.1264488935722,70.1264488935722,7.24543975891317,7.18157272096306,7.30340342859351,624.543975891317,iteration_gain_but_per_iteration_penalty,CG_faster,False
31,strong,512,32,AS1,2.17668288526952,2.15922103096832,2.19273795075149,117.668288526952,115.922103096832,0.313496280552604,0.313496280552604,0.313496280552604,-68.6503719447396,68.6503719447396,6.94324947470718,6.88754911912268,6.99446241239712,594.324947470718,iteration_gain_but_per_iteration_penalty,CG_faster,False
32,strong,512,8,AS1,2.19149606224914,2.17652633397969,2.2059237862594,119.149606224914,117.652633397969,0.298618490967056,0.298618490967056,0.298618490967056,-70.1381509032944,70.1381509032944,7.33878218710476,7.28865224297113,7.38709709206441,633.878218710476,iteration_gain_but_per_iteration_penalty,CG_faster,False
33,strong,512,4,BJ,2.19316009889872,2.17691505373263,2.20995321651736,119.316009889872,117.691505373263,0.317747077577046,0.317747077577046,0.317747077577046,-68.2252922422954,68.2252922422954,6.90221957546386,6.85109386475722,6.95507015633054,590.221957546386,iteration_gain_but_per_iteration_penalty,CG_faster,False
34,weak,512,4,BJ,2.19451206671181,2.17810043152919,2.21122728358083,119.451206671181,117.810043152919,0.317747077577046,0.317747077577046,0.317747077577046,-68.2252922422954,68.2252922422954,6.90647443068835,6.85482443501327,6.95907984565072,590.647443068835,iteration_gain_but_per_iteration_penalty,CG_faster,False
35,strong,512,16,AS1,2.21401582213864,2.19364320331356,2.23254172187452,121.401582213864,119.364320331356,0.309245483528162,0.309245483528162,0.309245483528162,-69.0754516471838,69.0754516471838,7.15941198842771,7.09353351999334,7.21931876386227,615.941198842771,iteration_gain_but_per_iteration_penalty,CG_faster,False
36,strong,512,8,AS2,2.24921474984637,2.23512438764493,2.2629094337773,124.921474984637,123.512438764493,0.298618490967056,0.298618490967056,0.298618490967056,-70.1381509032944,70.1381509032944,7.53206789895173,7.48488273585012,7.57792803268483,653.206789895173,iteration_gain_but_per_iteration_penalty,CG_faster,False
37,strong,1024,8,AS1,2.26186402585635,2.23074941278845,2.29692649895445,126.186402585635,123.074941278845,0.28345626975764,0.28345626975764,0.28345626975764,-71.654373024236,71.654373024236,7.9795872138947,7.86981856035775,8.1032834479843,697.95872138947,iteration_gain_but_per_iteration_penalty,CG_faster,False
38,strong,1024,32,AS2,2.28161076768913,2.25636532194667,2.31774919529781,128.161076768913,125.636532194667,0.300842992623815,0.300842992623815,0.300842992623815,-69.9157007376185,69.9157007376185,7.58405820853585,7.50014252373868,7.70418208874825,658.405820853585,iteration_gain_but_per_iteration_penalty,CG_faster,False
39,strong,512,1,AS1,2.29100392457765,2.20884890376665,2.37110949027298,129.100392457765,120.884890376665,0.213602550478215,0.213602550478215,0.213602550478215,-78.6397449521785,78.6397449521785,10.7255457364556,10.3409294449971,11.1005673151586,972.55457364556,iteration_gain_but_per_iteration_penalty,CG_faster,False
40,strong,2048,2,BJ,2.31188545628671,2.28899454067841,2.33114136928292,131.188545628671,128.899454067841,0.317564035546262,0.317564035546262,0.317564035546262,-68.2435964453738,68.2435964453738,7.28006070432342,7.20797787048196,7.34069701965139,628.006070432342,iteration_gain_but_per_iteration_penalty,CG_faster,False
41,strong,512,16,AS2,2.3152862133138,2.29404427294804,2.33518731004452,131.52862133138,129.404427294804,0.307120085015941,0.307120085015941,0.307120085015941,-69.2879914984059,69.2879914984059,7.53870009248541,7.46953515863011,7.60349916523146,653.870009248541,iteration_gain_but_per_iteration_penalty,CG_faster,False
42,strong,2048,128,AS2,2.32272921324737,2.26719145775763,2.3737078309886,132.272921324737,126.719145775763,0.286199686356508,0.286199686356508,0.286199686356508,-71.3800313643492,71.3800313643492,8.11576435605885,7.92171188801888,8.29388690535377,711.576435605885,iteration_gain_but_per_iteration_penalty,CG_faster,False
43,strong,2048,32,AS1,2.33268025032848,2.32178230411763,2.34559832307935,133.268025032848,132.178230411763,0.280188186095139,0.280188186095139,0.280188186095139,-71.9811813904861,71.9811813904861,8.32540544566862,8.28651035033029,8.37151043293058,732.540544566862,iteration_gain_but_per_iteration_penalty,CG_faster,False
44,weak,256,1,AS1,2.37669508067873,2.33683031200208,2.41422885236696,137.669508067873,133.683031200208,0.217021276595745,0.217021276595745,0.217021276595745,-78.2978723404255,78.2978723404255,10.951438116853,10.767747516088,11.1243878491419,995.1438116853,iteration_gain_but_per_iteration_penalty,CG_faster,False
45,weak,256,1,AS2,2.39054271021586,2.33769486290081,2.43975123461221,139.054271021586,133.769486290081,0.217021276595745,0.217021276595745,0.217021276595745,-78.2978723404255,78.2978723404255,11.0152458215829,10.7717312310135,11.241990983017,1001.52458215829,iteration_gain_but_per_iteration_penalty,CG_faster,False
46,weak,1024,16,AS1,2.39090579028715,2.36623992028252,2.41477112146447,139.090579028715,136.623992028252,0.292939936775553,0.292939936775553,0.292939936775553,-70.7060063224447,70.7060063224447,8.16176113303059,8.07756001564069,8.24322947579058,716.176113303059,iteration_gain_but_per_iteration_penalty,CG_faster,False
47,strong,1024,4,AS1,2.39576973759824,2.38595233426536,2.40471129713918,139.576973759824,138.595233426536,0.291359325605901,0.291359325605901,0.291359325605901,-70.8640674394099,70.8640674394099,8.22273230011115,8.18903712556177,8.25342141405093,722.273230011115,iteration_gain_but_per_iteration_penalty,CG_faster,False
48,weak,1024,16,AS2,2.42875618110166,2.40333405764279,2.45356909644521,142.875618110166,140.333405764279,0.290305584826133,0.290305584826133,0.290305584826133,-70.9694415173867,70.9694415173867,8.36620550223404,8.27863528385846,8.45167721425229,736.620550223404,iteration_gain_but_per_iteration_penalty,CG_faster,False
49,strong,1024,8,AS2,2.43205930407608,2.39823720781708,2.46943216289892,143.205930407608,139.823720781708,0.301369863013699,0.301369863013699,0.301369863013699,-69.8630136986301,69.8630136986301,8.07001496352519,7.95778709866577,8.19402490416461,707.001496352519,iteration_gain_but_per_iteration_penalty,CG_faster,False
50,weak,724,8,BJ,2.43439567646546,2.42315957572494,2.44490453892465,143.439567646546,142.315957572494,0.345808383233533,0.345808383233533,0.345808383233533,-65.4191616766467,65.4191616766467,7.03972429384817,7.00723201984527,7.07011355844878,603.972429384817,iteration_gain_but_per_iteration_penalty,CG_faster,False
51,strong,2048,2,AS2,2.45522076255161,2.4108081679467,2.51953325450635,145.522076255161,141.08081679467,0.29064296915839,0.29064296915839,0.29064296915839,-70.935703084161,70.935703084161,8.44754913446265,8.29474105266554,8.66882574796881,744.754913446265,iteration_gain_but_per_iteration_penalty,CG_faster,False
52,strong,512,4,AS1,2.47762468710418,2.45923704115822,2.49650604064551,147.762468710418,145.923704115822,0.30605738575983,0.30605738575983,0.30605738575983,-69.394261424017,69.394261424017,8.09529455057303,8.03521547128434,8.1569867508591,709.529455057303,iteration_gain_but_per_iteration_penalty,CG_faster,False
53,weak,512,4,AS1,2.47996208104808,2.45968661527746,2.50176236681427,147.996208104808,145.968661527746,0.30605738575983,0.30605738575983,0.30605738575983,-69.394261424017,69.394261424017,8.10293166064666,8.0366843922781,8.17416106657024,710.293166064666,iteration_gain_but_per_iteration_penalty,CG_faster,False
54,strong,1024,1,AS1,2.49336655293635,2.44145899218344,2.53042937238576,149.336655293635,144.145899218344,0.201791359325606,0.201791359325606,0.201791359325606,-79.8208640674394,79.8208640674394,12.3561611422277,12.0989273294104,12.5398301534939,1135.61611422277,iteration_gain_but_per_iteration_penalty,CG_faster,False
55,strong,1024,1,AS2,2.49342384935846,2.43446906295748,2.55306917515466,149.342384935846,143.446906295748,0.201791359325606,0.201791359325606,0.201791359325606,-79.8208640674394,79.8208640674394,12.356445081155,12.0642879412357,12.6520242674766,1135.6445081155,iteration_gain_but_per_iteration_penalty,CG_faster,False
56,strong,1024,64,AS2,2.49864888169306,2.35944046478326,2.70753981377778,149.864888169306,135.944046478326,0.298208640674394,0.298208640674394,0.298208640674394,-70.1791359325606,70.1791359325606,8.37886144426401,7.9120459402096,9.07934729072477,737.886144426401,iteration_gain_but_per_iteration_penalty,CG_faster,False
57,strong,512,32,AS2,2.5050729348352,2.36559133598138,2.76286444710764,150.50729348352,136.559133598138,0.312433581296493,0.312433581296493,0.312433581296493,-68.7566418703507,68.7566418703507,8.01793752272084,7.5715015209472,8.84304573036832,701.793752272084,iteration_gain_but_per_iteration_penalty,CG_faster,False
58,weak,2896,128,BJ,2.50786353046509,2.25913856512045,2.67419788287543,150.786353046509,125.913856512045,0.393258426966292,0.393258426966292,0.393258426966292,-60.6741573033708,60.6741573033708,6.37713869175407,5.74466663702058,6.80010318788325,537.713869175407,iteration_gain_but_per_iteration_penalty,CG_faster,False
59,strong,1024,4,AS2,2.51759669744321,2.5074460584296,2.52701066465322,151.759669744321,150.74460584296,0.304531085353003,0.304531085353003,0.304531085353003,-69.5468914646997,69.5468914646997,8.26712548745192,8.23379345830342,8.29803848012426,726.712548745192,iteration_gain_but_per_iteration_penalty,CG_faster,False
60,strong,2048,2,AS1,2.52185584816187,2.49208938274981,2.55251871348291,152.185584816187,149.208938274981,0.300575013068479,0.300575013068479,0.300575013068479,-69.9424986931521,69.9424986931521,8.39010476092808,8.29107302469634,8.49211878068314,739.010476092808,iteration_gain_but_per_iteration_penalty,CG_faster,False
61,weak,512,4,AS2,2.54357456114769,2.52444988743853,2.56300218151954,154.357456114769,152.444988743853,0.310308182784272,0.310308182784272,0.310308182784272,-68.9691817215728,68.9691817215728,8.19693034945196,8.13529912356047,8.25953785208867,719.693034945196,iteration_gain_but_per_iteration_penalty,CG_faster,False
62,strong,512,4,AS2,2.54482460949803,2.525497280956,2.56468138961717,154.482460949803,152.5497280956,0.310308182784272,0.310308182784272,0.310308182784272,-68.9691817215728,68.9691817215728,8.20095875869058,8.13867445677944,8.26494927270466,720.095875869058,iteration_gain_but_per_iteration_penalty,CG_faster,False
63,weak,1448,32,BJ,2.57155062446231,2.56152145453983,2.58171711055301,157.155062446231,156.152145453983,0.380475129918337,0.380475129918337,0.380475129918337,-61.9524870081663,61.9524870081663,6.75878769005021,6.73242809612713,6.78550819105348,575.878769005021,iteration_gain_but_per_iteration_penalty,CG_faster,False
64,weak,2048,64,AS1,2.73804594272658,2.68491758430701,2.77149692169115,173.804594272658,168.491758430701,0.283063251437533,0.283063251437533,0.283063251437533,-71.6936748562467,71.6936748562467,9.67291207467396,9.48522130891841,9.79108700128379,867.291207467396,iteration_gain_but_per_iteration_penalty,CG_faster,False
65,strong,2048,64,AS1,2.74242459688503,2.68948701512167,2.77602321731569,174.242459688503,168.948701512167,0.283063251437533,0.283063251437533,0.283063251437533,-71.6936748562467,71.6936748562467,9.68838089351998,9.50136409958957,9.80707740484749,868.838089351998,iteration_gain_but_per_iteration_penalty,CG_faster,False
66,weak,724,8,AS1,2.83473508563659,2.82122885572572,2.84742691335882,183.473508563659,182.122885572572,0.339820359281437,0.339820359281437,0.339820359281437,-66.0179640718563,66.0179640718563,8.34186360002308,8.30211839482284,8.37921223843037,734.186360002308,iteration_gain_but_per_iteration_penalty,CG_faster,False
67,weak,724,8,AS2,2.85325665459131,2.84032586714889,2.86555056417503,185.325665459131,184.032586714889,0.336077844311377,0.336077844311377,0.336077844311377,-66.3922155688623,66.3922155688623,8.48986835308238,8.45139278064793,8.52644889473907,748.986835308238,iteration_gain_but_per_iteration_penalty,CG_faster,False
68,weak,2048,64,AS2,2.96044687226456,2.90286121937439,2.99774052572777,196.044687226456,190.286121937439,0.288290642969158,0.288290642969158,0.288290642969158,-71.1709357030842,71.1709357030842,10.268966213313,10.0692176113567,10.3983275171663,926.8966213313,iteration_gain_but_per_iteration_penalty,CG_faster,False
69,strong,2048,64,AS2,2.97786498694787,2.91812464000529,3.02184984182957,197.786498694787,191.812464000529,0.288290642969158,0.288290642969158,0.288290642969158,-71.1709357030842,71.1709357030842,10.3293848051338,10.1221621692296,10.4819560243336,932.93848051338,iteration_gain_but_per_iteration_penalty,CG_faster,False
70,weak,1448,32,AS1,3.04739189336181,3.03564370433417,3.05949492261808,204.739189336181,203.564370433417,0.355976243504083,0.355976243504083,0.355976243504083,-64.4023756495917,64.4023756495917,8.56066085580472,8.52765812249869,8.59466039784474,756.066085580472,iteration_gain_but_per_iteration_penalty,CG_faster,False
71,strong,1024,2,BJ,3.16740269806546,3.14243246801712,3.19084133594916,216.740269806546,214.243246801712,0.330874604847208,0.330874604847208,0.330874604847208,-66.9125395152792,66.9125395152792,9.57281898236982,9.49735163104537,9.64365741342596,857.281898236982,iteration_gain_but_per_iteration_penalty,CG_faster,False
72,weak,1448,32,AS2,3.16802436540192,3.15572738754496,3.18035120459802,216.802436540192,215.572738754496,0.356347438752784,0.356347438752784,0.356347438752784,-64.3652561247216,64.3652561247216,8.89026837540914,8.85575998129806,8.9248605679032,789.026837540914,iteration_gain_but_per_iteration_penalty,CG_faster,False
73,strong,1024,16,BJ,3.22645149606569,2.99215531089891,3.48809034813425,222.645149606569,199.215531089891,0.300842992623815,0.300842992623815,0.300842992623815,-69.9157007376185,69.9157007376185,10.7247021708103,9.94590329262019,11.5943878822396,972.47021708103,iteration_gain_but_per_iteration_penalty,CG_faster,False
74,strong,512,2,BJ,3.32145872953779,3.29185596570629,3.35111451601811,232.145872953779,229.185596570629,0.356004250797024,0.356004250797024,0.356004250797024,-64.3995749202976,64.3995749202976,9.32982884923899,9.24667601113318,9.41313062559116,832.982884923899,iteration_gain_but_per_iteration_penalty,CG_faster,False
75,weak,2896,128,AS1,3.33275790036829,3.00611202706076,3.54198068626007,233.275790036829,200.611202706076,0.349972370602321,0.349972370602321,0.349972370602321,-65.0027629397679,65.0027629397679,9.52291717952602,8.58956957626994,10.1207437608979,852.291717952602,iteration_gain_but_per_iteration_penalty,CG_faster,False
76,strong,1024,2,AS2,3.39698515287426,3.32304280534527,3.44989233154162,239.698515287426,232.304280534527,0.307165437302424,0.307165437302424,0.307165437302424,-69.2834562697576,69.2834562697576,11.0591386280538,10.818413798534,11.231381895825,1005.91386280538,iteration_gain_but_per_iteration_penalty,CG_faster,False
77,weak,362,2,BJ,3.43813003553582,3.3571864197562,3.52304996067586,243.813003553582,235.71864197562,0.360482654600302,0.360482654600302,0.360482654600302,-63.9517345399698,63.9517345399698,9.53757411531484,9.31303178367515,9.77314696204224,853.757411531484,iteration_gain_but_per_iteration_penalty,CG_faster,False
78,weak,2896,128,AS2,3.59769422356306,3.24567396282314,3.82061890831695,259.769422356306,224.567396282314,0.351630134463069,0.351630134463069,0.351630134463069,-64.8369865536931,64.8369865536931,10.2314729909502,9.23036351187366,10.865447906366,923.14729909502,iteration_gain_but_per_iteration_penalty,CG_faster,False
79,strong,512,2,AS1,3.60779785715347,3.54801109607814,3.67425546011523,260.779785715347,254.801109607814,0.329436769394261,0.329436769394261,0.329436769394261,-67.0563230605739,67.0563230605739,10.9514122051013,10.7699304561598,11.1531431869949,995.14122051013,iteration_gain_but_per_iteration_penalty,CG_faster,False
80,strong,1024,2,AS1,3.63269224851976,3.61194742912644,3.65489858933871,263.269224851976,261.194742912644,0.325605900948367,0.325605900948367,0.325605900948367,-67.4394099051633,67.4394099051633,11.1567150286254,11.0930035930129,11.2249150850564,1015.67150286254,iteration_gain_but_per_iteration_penalty,CG_faster,False
81,strong,1024,16,AS1,3.75044438818031,3.54210589242309,3.88952617436364,275.044438818031,254.210589242309,0.292939936775553,0.292939936775553,0.292939936775553,-70.7060063224447,70.7060063224447,12.8027759869896,12.091577309027,13.2775551779536,1180.27759869896,iteration_gain_but_per_iteration_penalty,CG_faster,False
82,strong,1024,16,AS2,3.77120818063773,3.59498620155926,3.90689669148379,277.120818063773,259.498620155926,0.290305584826133,0.290305584826133,0.290305584826133,-70.9694415173867,70.9694415173867,12.9904775441931,12.383455191578,13.4578764436229,1199.04775441931,iteration_gain_but_per_iteration_penalty,CG_faster,False
83,strong,512,2,AS2,3.80350453249646,3.75219580847285,3.86078910979643,280.350453249646,275.219580847285,0.342189160467588,0.342189160467588,0.342189160467588,-65.7810839532412,65.7810839532412,11.1152104505564,10.9652678750713,11.282616622107,1011.52104505564,iteration_gain_but_per_iteration_penalty,CG_faster,False
84,strong,2048,32,AS2,3.88293182185181,3.60445487579067,4.15341351900376,288.293182185181,260.445487579067,0.287767903815996,0.287767903815996,0.287767903815996,-71.2232096184004,71.2232096184004,13.4932762492325,12.525562538397,14.4332062885635,1249.32762492325,iteration_gain_but_per_iteration_penalty,CG_faster,False
85,weak,362,2,AS2,3.93447285084281,3.83092267073917,4.0461680022805,293.447285084281,283.092267073917,0.343891402714932,0.343891402714932,0.343891402714932,-65.6108597285068,65.6108597285068,11.441032895214,11.1399198714915,11.7658306382104,1044.1032895214,iteration_gain_but_per_iteration_penalty,CG_faster,False
86,weak,362,2,AS1,3.95654805278226,3.8603533665322,4.06130958169726,295.654805278226,286.03533665322,0.340874811463047,0.340874811463047,0.340874811463047,-65.9125188536953,65.9125188536953,11.6070414114807,11.3248419558002,11.9143727994039,1060.70414114807,iteration_gain_but_per_iteration_penalty,CG_faster,False
87,weak,2048,64,BJ,6.78811290923163,6.4136580403955,7.163803163357,578.811290923163,541.36580403955,0.299790904338735,0.299790904338735,0.299790904338735,-70.0209095661265,70.0209095661265,22.6428247521536,21.3937712838302,23.8959990435954,2164.28247521536,iteration_gain_but_per_iteration_penalty,CG_faster,False
