grid_size,processes,job_id,dependency
362,2,216643,
512,1,216644,afterok:216643
512,2,216645,afterok:216644
512,4,216646,afterok:216645
512,8,216647,afterok:216646
512,16,216648,afterok:216647
512,32,216649,afterok:216648
724,8,216650,afterok:216649
1024,2,216651,afterok:216650
1024,4,216652,afterok:216651
1024,8,216653,afterok:216652
1024,16,216654,afterok:216653
1024,32,216655,afterok:216654
1448,32,216656,afterok:216655
2048,1,216657,afterok:216656
2048,2,216658,afterok:216657
2048,4,216659,afterok:216658
2048,8,216660,afterok:216659
2048,16,216661,afterok:216660
2048,64,216662,afterok:216661
2048,128,216663,afterok:216662
